year_month,region,climate,epoch,antigen_drift,npi_level,persistence,N_migration,inter_air_traffic,intra_air_traffic,total_air_traffic
2017-01,Oceania,most-tropical,pre,0.43685266,0,0.07738385,20.50546455,0.891943237,0.893160979,0.922384466
2017-01,South-eastern Asia,most-tropical,pre,0.437369038,0,0.075758383,21.61839116,0.762806993,0.890849276,0.857043263
2017-01,Europe,most-other,pre,0.347904242,0,0.108916897,21.71223349,0.585775829,0.60962696,0.607347844
2017-01,Southern Asia,most-tropical,pre,0.359509902,0,0.066106368,19.88189906,0.899670098,0.693733579,0.765890929
2017-01,Northern America,most-other,pre,0.414009308,0,0.104147186,21.34181517,0.690085867,0.702275931,0.708548515
2017-01,Japan/Korea,most-other,pre,0.403339142,0,0.096577747,22.03544287,0.767263111,0.848955419,0.844067971
2017-01,Russia,most-other,pre,0.386590732,0,0.07850121,17.06969697,0.487339623,0.428870205,0.511530623
2017-01,Western Asia,most-other,pre,0.357524588,0,0.1005968,20.07592302,0.658840647,0.848670179,0.772127904
2017-01,China,most-other,pre,0.398154504,0,0.138187077,19.58622242,0.759902057,0.713152458,0.746109304
2017-01,Southern America,most-tropical,pre,0.411377074,0,0.088761071,16,0.853818287,0.87305146,0.872210661
2017-01,Africa,most-tropical,pre,0.41048457,0,0.438835899,19.49248161,0.680488218,0.815179045,0.75820332
2017-02,Oceania,most-tropical,pre,0.43685266,0,0.087657492,22.64210492,0.759765082,0.844817984,0.853261625
2017-02,South-eastern Asia,most-tropical,pre,0.437369038,0,0.09844415,22.48799926,0.692133469,0.810886322,0.779516375
2017-02,Europe,most-other,pre,0.347904242,0,0.10956851,21.76598192,0.52711693,0.578842902,0.570775082
2017-02,Southern Asia,most-tropical,pre,0.359509902,0,0.104963052,21.85589072,0.802950022,0.638802853,0.698422386
2017-02,Northern America,most-other,pre,0.414009308,0,0.107929057,21.80872396,0.587891637,0.668001627,0.666599084
2017-02,Japan/Korea,most-other,pre,0.403339142,0,0.151552957,22.12989839,0.709568363,0.767347677,0.768826711
2017-02,Russia,most-other,pre,0.386590732,0,0.07128494,19.10028249,0.419077966,0.40345024,0.469421719
2017-02,Western Asia,most-other,pre,0.357524588,0,0.120617326,20.22521159,0.596838515,0.763476729,0.696805516
2017-02,China,most-other,pre,0.398154504,0,0.190417647,20.73215895,0.718995332,0.66465332,0.696975917
2017-02,Southern America,most-tropical,pre,0.411377074,0,0.067745787,18.18327068,0.71731703,0.722243386,0.722619189
2017-02,Africa,most-tropical,pre,0.41048457,0,0.389280014,20.46918908,0.602750597,0.752479323,0.686868867
2017-03,Oceania,most-tropical,pre,0.43685266,0,0.115761662,23.26735683,0.779743823,0.973092789,0.96099337
2017-03,South-eastern Asia,most-tropical,pre,0.437369038,0,0.143568052,22.31497031,0.750326358,0.891804757,0.85435143
2017-03,Europe,most-other,pre,0.347904242,0,0.135327019,21.17071087,0.628170413,0.692613014,0.682441769
2017-03,Southern Asia,most-tropical,pre,0.359509902,0,0.147900246,22.53901153,0.936203667,0.720787133,0.796146472
2017-03,Northern America,most-other,pre,0.414009308,0,0.131798691,21.30034249,0.70248298,0.786241329,0.785723228
2017-03,Japan/Korea,most-other,pre,0.403339142,0,0.177521124,21.75622081,0.776554046,0.864708241,0.857914108
2017-03,Russia,most-other,pre,0.386590732,0,0.082850916,19.06744705,0.482023749,0.437712943,0.517477562
2017-03,Western Asia,most-other,pre,0.357524588,0,0.139595481,21.10819409,0.681499418,0.849316799,0.78443604
2017-03,China,most-other,pre,0.398154504,0,0.211945805,21.32375789,0.748906348,0.72223345,0.752525887
2017-03,Southern America,most-tropical,pre,0.411377074,0,0.072055598,19.16201487,0.799922815,0.808469308,0.808594254
2017-03,Africa,most-tropical,pre,0.41048457,0,0.392797583,20.42237659,0.674075285,0.83097339,0.762849414
2017-04,Oceania,most-tropical,pre,0.517019261,0,0.147693235,24.59478729,0.764255577,0.921461684,0.915926979
2017-04,South-eastern Asia,most-tropical,pre,0.500068238,0,0.180939102,23.06802582,0.733302011,0.882699646,0.843086157
2017-04,Europe,most-other,pre,0.414095016,0,0.135784138,21.26705358,0.685700582,0.784104569,0.767423024
2017-04,Southern Asia,most-tropical,pre,0.565544408,0,0.196667372,23.21183809,0.885383769,0.742908273,0.799276482
2017-04,Northern America,most-other,pre,0.427473542,0,0.12364961,21.21544841,0.73932258,0.791460174,0.794399345
2017-04,Japan/Korea,most-other,pre,0.511121585,0,0.185648873,21.74336305,0.723239424,0.864546555,0.838231928
2017-04,Russia,most-other,pre,0.442723366,0,0.096238283,19.25779378,0.530615752,0.4372523,0.531633666
2017-04,Western Asia,most-other,pre,0.457573347,0,0.136585347,21.1239692,0.744051272,0.865754177,0.825727965
2017-04,China,most-other,pre,0.542156713,0,0.228825013,21.72991016,0.733368952,0.722576948,0.750512619
2017-04,Southern America,most-tropical,pre,0.492943057,0,0.077896514,19.20501593,0.771284444,0.782971575,0.782759973
2017-04,Africa,most-tropical,pre,0.497496716,0,0.424952018,20.47586235,0.726206519,0.82335459,0.785741518
2017-05,Oceania,most-tropical,pre,0.517019261,0,0.178190665,25.90498235,0.74185242,0.913676027,0.904539401
2017-05,South-eastern Asia,most-tropical,pre,0.500068238,0,0.185417822,23.01855501,0.730084203,0.914158182,0.86516289
2017-05,Europe,most-other,pre,0.414095016,0,0.132422907,21.24594219,0.722249948,0.871540596,0.844895459
2017-05,Southern Asia,most-tropical,pre,0.565544408,0,0.247554446,24.80382854,0.912990672,0.783966152,0.837738814
2017-05,Northern America,most-other,pre,0.427473542,0,0.185339751,21.09865605,0.813362001,0.824387925,0.832104367
2017-05,Japan/Korea,most-other,pre,0.511121585,0,0.156815468,22.06161121,0.736693085,0.905860844,0.870538686
2017-05,Russia,most-other,pre,0.442723366,0,0.100479328,19.33052623,0.654851653,0.468055176,0.59509068
2017-05,Western Asia,most-other,pre,0.457573347,0,0.096670587,21.38640528,0.778152507,0.874121577,0.847942608
2017-05,China,most-other,pre,0.542156713,0,0.215483505,22.87241335,0.755902361,0.753163715,0.781012266
2017-05,Southern America,most-tropical,pre,0.492943057,0,0.104613849,19.24521509,0.804685614,0.818829411,0.818420713
2017-05,Africa,most-tropical,pre,0.497496716,0,0.467391418,20.49571417,0.714383208,0.853873961,0.795010466
2017-06,Oceania,most-tropical,pre,0.517019261,0,0.191100008,28.52057489,0.746510803,0.890488484,0.886957605
2017-06,South-eastern Asia,most-tropical,pre,0.500068238,0,0.19673948,23.71712473,0.711822627,0.895034686,0.84625279
2017-06,Europe,most-other,pre,0.414095016,0,0.108371226,21.93265377,0.767989084,0.891260889,0.869981124
2017-06,Southern Asia,most-tropical,pre,0.565544408,0,0.291352932,25.72271701,0.894839116,0.769700829,0.822083029
2017-06,Northern America,most-other,pre,0.427473542,0,0.198895704,21.35275198,0.874397013,0.850976356,0.86268476
2017-06,Japan/Korea,most-other,pre,0.511121585,0,0.136905265,22.57484671,0.722511134,0.880192455,0.848328564
2017-06,Russia,most-other,pre,0.442723366,0,0.096256798,19.31787054,0.787746874,0.536334821,0.6930898
2017-06,Western Asia,most-other,pre,0.457573347,0,0.114113365,21.50493465,0.765065594,0.846165247,0.827065212
2017-06,China,most-other,pre,0.542156713,0,0.211419295,24.64854547,0.754206728,0.74223932,0.771066709
2017-06,Southern America,most-tropical,pre,0.492943057,0,0.166255025,18.16445599,0.815809176,0.781475843,0.785751022
2017-06,Africa,most-tropical,pre,0.497496716,0,0.50859591,20.52243627,0.723277796,0.809952964,0.777509332
2017-07,Oceania,most-tropical,pre,0.465049825,0,0.213475838,30.07147965,0.828414198,0.973531065,0.972482511
2017-07,South-eastern Asia,most-tropical,pre,0.475677716,0,0.183234905,23.20985486,0.774342884,0.952073195,0.904841345
2017-07,Europe,most-other,pre,0.504122279,0,0.08485986,24.10928653,0.867605384,0.928963624,0.920412341
2017-07,Southern Asia,most-tropical,pre,0.482452298,0,0.323158777,25.12632997,0.932160521,0.785294971,0.843878004
2017-07,Northern America,most-other,pre,0.50011089,0,0.195597625,22.38899171,0.95364025,0.876175113,0.89396829
2017-07,Japan/Korea,most-other,pre,0.446569463,0,0.121152082,23.43564319,0.779155222,0.955433369,0.918966597
2017-07,Russia,most-other,pre,0.486413632,0,0.100898743,20.80339061,0.857958072,0.572306712,0.744778067
2017-07,Western Asia,most-other,pre,0.480870306,0,0.102364788,22.19581311,0.846160589,0.920163833,0.906898588
2017-07,China,most-other,pre,0.415094237,0,0.218115332,24.34766377,0.830630445,0.817156621,0.848938211
2017-07,Southern America,most-tropical,pre,0.434732677,0,0.057931291,19.08130151,0.891129317,0.854252609,0.858862137
2017-07,Africa,most-tropical,pre,0.409372012,0,0.579825587,20.4102833,0.842977227,0.868300528,0.868164481
2017-08,Oceania,most-tropical,pre,0.465049825,0,0.241536081,32.96983406,0.795545811,0.956868839,0.951561646
2017-08,South-eastern Asia,most-tropical,pre,0.475677716,0,0.216843745,25.18300134,0.771886484,0.910255735,0.87366656
2017-08,Europe,most-other,pre,0.504122279,0,0.091643102,28.27843794,0.881955464,0.929674465,0.923895267
2017-08,Southern Asia,most-tropical,pre,0.482452298,0,0.314550198,25.54101549,0.91516787,0.783401657,0.8378947
2017-08,Northern America,most-other,pre,0.50011089,0,0.185438961,25.36316548,0.945970172,0.864477371,0.882577416
2017-08,Japan/Korea,most-other,pre,0.446569463,0,0.123132337,24.46578716,0.81553405,1,0.961844986
2017-08,Russia,most-other,pre,0.486413632,0,0.081131409,21.86438994,0.864387223,0.571194654,0.74575496
2017-08,Western Asia,most-other,pre,0.480870306,0,0.11478068,23.21524031,0.885195799,0.929388283,0.932150875
2017-08,China,most-other,pre,0.415094237,0,0.235638199,23.14332321,0.848788899,0.826885344,0.860279017
2017-08,Southern America,most-tropical,pre,0.434732677,0,0.074812106,20.37181866,0.866689794,0.844999071,0.84811648
2017-08,Africa,most-tropical,pre,0.409372012,0,0.593606949,20.41911835,0.846648179,0.872663623,0.872237367
2017-09,Oceania,most-tropical,pre,0.465049825,0,0.29108214,30.52594642,0.785311428,0.937697577,0.933802056
2017-09,South-eastern Asia,most-tropical,pre,0.475677716,0,0.241689777,24.27056656,0.717596898,0.885873367,0.841137083
2017-09,Europe,most-other,pre,0.504122279,0,0.121249871,29.60706599,0.817797394,0.911748078,0.896507353
2017-09,Southern Asia,most-tropical,pre,0.482452298,0,0.324643536,24.18575508,0.898577857,0.769785433,0.823148278
2017-09,Northern America,most-other,pre,0.50011089,0,0.192909919,25.53621649,0.865410557,0.762524581,0.781824575
2017-09,Japan/Korea,most-other,pre,0.446569463,0,0.142986664,24.8760497,0.754474143,0.928900524,0.892328974
2017-09,Russia,most-other,pre,0.486413632,0,0.096071861,22.27218065,0.794989405,0.528997245,0.689002887
2017-09,Western Asia,most-other,pre,0.480870306,0,0.138015838,23.83031322,0.818279823,0.873049876,0.868632994
2017-09,China,most-other,pre,0.415094237,0,0.189100769,23.33470085,0.768469577,0.777499144,0.804478599
2017-09,Southern America,most-tropical,pre,0.434732677,0,0.052959666,20.44070147,0.822094949,0.821041029,0.822117245
2017-09,Africa,most-tropical,pre,0.409372012,0,0.632701597,20.60525925,0.77015324,0.842307889,0.817784992
2017-10,Oceania,most-tropical,pre,0.418084725,0,0.317146959,26.97164484,0.83798752,0.967379088,0.969725563
2017-10,South-eastern Asia,most-tropical,pre,0.40520904,0,0.24343681,22.88315345,0.751560942,0.912361304,0.869683621
2017-10,Europe,most-other,pre,0.481968691,0,0.156263747,30.36774399,0.764405493,0.860598646,0.844687582
2017-10,Southern Asia,most-tropical,pre,0.433444603,0,0.351526981,22.79970871,0.926616977,0.808757978,0.860148346
2017-10,Northern America,most-other,pre,0.5202131,0,0.210375135,25.50080386,0.819865232,0.837204724,0.844380526
2017-10,Japan/Korea,most-other,pre,0.508228246,0,0.169015713,24.5053554,0.80022032,0.933885375,0.912427236
2017-10,Russia,most-other,pre,0.47004507,0,0.109314599,23.59574707,0.659873248,0.496026513,0.620440117
2017-10,Western Asia,most-other,pre,0.443647208,0,0.159442607,23.7142053,0.775431471,0.846534443,0.832732537
2017-10,China,most-other,pre,0.449419021,0,0.152206263,23.11110873,0.820422561,0.798839587,0.831163642
2017-10,Southern America,most-tropical,pre,0.48319552,0,0.091444108,20.41706639,0.83478782,0.839732553,0.840245858
2017-10,Africa,most-tropical,pre,0.433725585,0,0.542776662,20.66857464,0.718198649,0.874367931,0.807259338
2017-11,Oceania,most-tropical,pre,0.418084725,0,0.311303877,24.72245808,0.80187626,0.942365,0.941345995
2017-11,South-eastern Asia,most-tropical,pre,0.40520904,0,0.236961168,22.43445462,0.773523279,0.895020174,0.862995951
2017-11,Europe,most-other,pre,0.481968691,0,0.210803291,28.51872465,0.63878242,0.661673458,0.659808099
2017-11,Southern Asia,most-tropical,pre,0.433444603,0,0.362342287,22.56814212,0.945358582,0.802480104,0.860416727
2017-11,Northern America,most-other,pre,0.5202131,0,0.251261261,25.11263736,0.68345513,0.803794336,0.799531394
2017-11,Japan/Korea,most-other,pre,0.508228246,0,0.207794751,23.95416629,0.762394971,0.857393056,0.847869772
2017-11,Russia,most-other,pre,0.47004507,0,0.141802575,22.45112952,0.53364806,0.450799886,0.544091057
2017-11,Western Asia,most-other,pre,0.443647208,0,0.158867331,23.32025309,0.691984193,0.854635973,0.792637158
2017-11,China,most-other,pre,0.449419021,0,0.187151174,22.63107743,0.762982661,0.774631481,0.801115691
2017-11,Southern America,most-tropical,pre,0.48319552,0,0.096876971,20.33911316,0.806079336,0.821996442,0.821418541
2017-11,Africa,most-tropical,pre,0.433725585,0,0.3613141,20.80131729,0.686254149,0.85465597,0.780986297
2017-12,Oceania,most-tropical,pre,0.418084725,0,0.284329141,23.88475841,0.896593751,0.955516843,0.973595974
2017-12,South-eastern Asia,most-tropical,pre,0.40520904,0,0.25863766,22.40992202,0.845407577,0.952559155,0.924492268
2017-12,Europe,most-other,pre,0.481968691,0,0.253193967,27.73888654,0.646480862,0.652708565,0.654188574
2017-12,Southern Asia,most-tropical,pre,0.433444603,0,0.355996826,22.12307118,1,0.852344285,0.912782741
2017-12,Northern America,most-other,pre,0.5202131,0,0.279996978,24.96748982,0.727991076,0.798959456,0.799954297
2017-12,Japan/Korea,most-other,pre,0.508228246,0,0.230991108,23.65710743,0.792780856,0.89029111,0.880818374
2017-12,Russia,most-other,pre,0.47004507,0,0.173170672,22.4323416,0.543354817,0.445646945,0.542604383
2017-12,Western Asia,most-other,pre,0.443647208,0,0.168836147,23.10061049,0.729246411,0.894567445,0.832279764
2017-12,China,most-other,pre,0.449419021,0,0.209382935,22.83314729,0.793211939,0.78514947,0.814957621
2017-12,Southern America,most-tropical,pre,0.48319552,0,0.105103049,20.38079248,0.886923154,0.867952216,0.870831567
2017-12,Africa,most-tropical,pre,0.433725585,0,0.48794177,20.7169686,0.738091047,0.889884219,0.825248006
2018-01,Oceania,most-tropical,pre,0.453340708,0,0.260008496,23.15958972,0.965761223,0.93390133,0.972039286
2018-01,South-eastern Asia,most-tropical,pre,0.404683682,0,0.277374076,22.10323244,0.848866918,0.95804277,0.929432145
2018-01,Europe,most-other,pre,0.45680325,0,0.290462711,25.98625905,0.637245349,0.636096677,0.639004423
2018-01,Southern Asia,most-tropical,pre,0.430427088,0,0.342988849,21.80357716,0.987768135,0.879228319,0.929850719
2018-01,Northern America,most-other,pre,0.417087074,0,0.308871512,23.83562474,0.724734056,0.746329368,0.752066107
2018-01,Japan/Korea,most-other,pre,0.41901197,0,0.295505752,22.81947634,0.80596812,0.901447021,0.893050043
2018-01,Russia,most-other,pre,0.490665473,0,0.199208541,22.56460936,0.556642292,0.455851167,0.555281986
2018-01,Western Asia,most-other,pre,0.399203657,0,0.156191418,22.43835151,0.699124817,0.91246294,0.825279906
2018-01,China,most-other,pre,0.419303634,0,0.231153301,22.53729623,0.789569425,0.79965654,0.827285478
2018-01,Southern America,most-tropical,pre,0.457442247,0,0.114242264,20.6532127,0.915362161,0.889005984,0.892630608
2018-01,Africa,most-tropical,pre,0.410526669,0,0.495638819,20.70798367,0.731816006,0.852775826,0.80339372
2018-02,Oceania,most-tropical,pre,0.453340708,0,0.255297643,22.54125293,0.824975105,0.857209861,0.87814858
2018-02,South-eastern Asia,most-tropical,pre,0.404683682,0,0.188600869,21.55804384,0.80555298,0.851700271,0.84008917
2018-02,Europe,most-other,pre,0.45680325,0,0.304492981,25.019311,0.580181388,0.608256259,0.605113858
2018-02,Southern Asia,most-tropical,pre,0.430427088,0,0.286211172,21.1962005,0.883761963,0.791209821,0.835392844
2018-02,Northern America,most-other,pre,0.417087074,0,0.348097805,22.70868464,0.632252467,0.731888035,0.729075342
2018-02,Japan/Korea,most-other,pre,0.41901197,0,0.329626398,21.42875809,0.753718759,0.808212787,0.812106588
2018-02,Russia,most-other,pre,0.490665473,0,0.221578215,22.29954322,0.488217237,0.428014906,0.511064234
2018-02,Western Asia,most-other,pre,0.399203657,0,0.183804889,21.81907364,0.631700324,0.816467709,0.741697391
2018-02,China,most-other,pre,0.419303634,0,0.249187747,21.66995879,0.823737717,0.766654946,0.803102658
2018-02,Southern America,most-tropical,pre,0.457442247,0,0.139395384,20.77936311,0.796600074,0.776267561,0.779171011
2018-02,Africa,most-tropical,pre,0.410526669,0,0.480516511,20.4792686,0.643318846,0.767859949,0.715386358
2018-03,Oceania,most-tropical,pre,0.453340708,0,0.188936899,22.43096322,0.832561571,0.961739129,0.96394828
2018-03,South-eastern Asia,most-tropical,pre,0.404683682,0,0.209639645,21.50788373,0.869456307,0.949802943,0.9290115
2018-03,Europe,most-other,pre,0.45680325,0,0.325658764,23.8319376,0.697556539,0.738115463,0.732984504
2018-03,Southern Asia,most-tropical,pre,0.430427088,0,0.202729956,21.5810768,0.977374846,0.877009635,0.925388498
2018-03,Northern America,most-other,pre,0.417087074,0,0.279810005,22.00298794,0.757197264,0.899378059,0.893798164
2018-03,Japan/Korea,most-other,pre,0.41901197,0,0.298645608,21.47374818,0.838234354,0.903968268,0.906567067
2018-03,Russia,most-other,pre,0.490665473,0,0.306165509,21.65931689,0.57727668,0.490642616,0.591120244
2018-03,Western Asia,most-other,pre,0.399203657,0,0.192912243,21.99422483,0.748083652,0.917120273,0.85350151
2018-03,China,most-other,pre,0.419303634,0,0.237317152,21.47225166,0.85238524,0.82015335,0.854842647
2018-03,Southern America,most-tropical,pre,0.457442247,0,0.181808788,20.56437803,0.871201406,0.844284304,0.847910615
2018-03,Africa,most-tropical,pre,0.410526669,0,0.83640674,20.40484788,0.744785537,0.859943678,0.813641115
2018-04,Oceania,most-tropical,pre,0.437588899,0,0.171879206,22.37675934,0.796219989,0.934568147,0.933781408
2018-04,South-eastern Asia,most-tropical,pre,0.48109868,0,0.22053954,21.34525654,0.828119957,0.934802486,0.906843792
2018-04,Europe,most-other,pre,0.385138627,0,0.297012135,22.30505101,0.743375291,0.83233065,0.817770178
2018-04,Southern Asia,most-tropical,pre,0.509222843,0,0.22023347,21.57203738,0.932006662,0.855557045,0.897005416
2018-04,Northern America,most-other,pre,0.457206735,0,0.319091277,21.33359219,0.784480461,0.859629215,0.860829597
2018-04,Japan/Korea,most-other,pre,0.424797683,0,0.205907016,21.3629185,0.804235084,0.878639619,0.877305835
2018-04,Russia,most-other,pre,0.441673155,0,0.235703584,21.05203289,0.634039413,0.490828452,0.608273859
2018-04,Western Asia,most-other,pre,0.508875989,0,0.214112279,21.88114469,0.788109999,0.908521778,0.870381308
2018-04,China,most-other,pre,0.502504981,0,0.283415997,21.12865113,0.832265742,0.808332928,0.841353428
2018-04,Southern America,most-tropical,pre,0.498010795,0,0.252400302,20.3149675,0.838748284,0.802510922,0.806996748
2018-04,Africa,most-tropical,pre,0.535853689,0,0.779080879,20.54713186,0.759863855,0.835462263,0.809073089
2018-05,Oceania,most-tropical,pre,0.437588899,0,0.189279189,22.10998903,0.773461642,0.915501229,0.913240021
2018-05,South-eastern Asia,most-tropical,pre,0.48109868,0,0.233509994,21.47447585,0.8074006,0.922237093,0.892050767
2018-05,Europe,most-other,pre,0.385138627,0,0.305897944,21.9744441,0.784859976,0.906370752,0.88551205
2018-05,Southern Asia,most-tropical,pre,0.509222843,0,0.263882607,22.01137481,0.937368533,0.886267002,0.921680109
2018-05,Northern America,most-other,pre,0.457206735,0,0.379115444,21.14050128,0.865628494,0.900745774,0.906695677
2018-05,Japan/Korea,most-other,pre,0.424797683,0,0.199178482,21.33860278,0.820389698,0.914249562,0.906825651
2018-05,Russia,most-other,pre,0.441673155,0,0.281424831,21.21256099,0.766921386,0.524517009,0.676779652
2018-05,Western Asia,most-other,pre,0.508875989,0,0.220746716,21.78696941,0.832495644,0.880317799,0.879780412
2018-05,China,most-other,pre,0.502504981,0,0.272286868,21.51438706,0.850503992,0.834254421,0.867073049
2018-05,Southern America,most-tropical,pre,0.498010795,0,0.326358119,20.25190946,0.883216316,0.845386395,0.850078383
2018-05,Africa,most-tropical,pre,0.535853689,0,0.706442812,20.80320994,0.75127865,0.846161984,0.810046994
2018-06,Oceania,most-tropical,pre,0.437588899,0,0.181609314,22.41794649,0.786436806,0.878567873,0.886506698
2018-06,South-eastern Asia,most-tropical,pre,0.48109868,0,0.267129665,21.74403792,0.807069469,0.968432131,0.925662293
2018-06,Europe,most-other,pre,0.385138627,0,0.278452324,21.72359185,0.841759317,0.928931516,0.915139238
2018-06,Southern Asia,most-tropical,pre,0.509222843,0,0.313008586,21.99249106,0.931260768,0.86128472,0.901139905
2018-06,Northern America,most-other,pre,0.457206735,0,0.353553251,21.09078272,0.926947522,0.925623039,0.935761014
2018-06,Japan/Korea,most-other,pre,0.424797683,0,0.2335794,20.9995476,0.816756033,0.875754713,0.879992049
2018-06,Russia,most-other,pre,0.441673155,0,0.266169722,20.66427416,0.95022647,0.5895675,0.787118965
2018-06,Western Asia,most-other,pre,0.508875989,0,0.23025663,21.86543694,0.820751529,0.909642587,0.88820653
2018-06,China,most-other,pre,0.502504981,0,0.290652128,20.85459673,0.857825868,0.803006855,0.840441242
2018-06,Southern America,most-tropical,pre,0.498010795,0,0.409805706,20.42414938,0.906217611,0.811928971,0.82208793
2018-06,Africa,most-tropical,pre,0.535853689,0,0.612108858,20.84815844,0.791498561,0.814559411,0.81478806
2018-07,Oceania,most-tropical,pre,0.484816157,0,0.178624919,23.53057274,0.887753367,0.973149962,0.985753912
2018-07,South-eastern Asia,most-tropical,pre,0.494981626,0,0.314908295,22.56833944,0.854963925,0.97141343,0.940842203
2018-07,Europe,most-other,pre,0.518543499,0,0.245594514,21.87357638,0.945340797,0.979089444,0.976354337
2018-07,Southern Asia,most-tropical,pre,0.513049576,0,0.350700266,22.89119891,0.956377238,0.896066443,0.934186021
2018-07,Northern America,most-other,pre,0.508521939,0,0.318803911,21.28986432,1,0.95985761,0.974540267
2018-07,Japan/Korea,most-other,pre,0.478151312,0,0.219632484,21.51169284,0.858389292,0.931591641,0.932265246
2018-07,Russia,most-other,pre,0.55943488,0,0.22829236,20.58955106,0.96910081,0.629803053,0.827071422
2018-07,Western Asia,most-other,pre,0.47983274,0,0.243365037,22.1726394,0.908479679,1,0.979714415
2018-07,China,most-other,pre,0.505740153,0,0.327667194,20.87757235,0.925370826,0.866919603,0.907224412
2018-07,Southern America,most-tropical,pre,0.44923863,0,0.469817254,20.1055514,0.969929497,0.935089879,0.939596563
2018-07,Africa,most-tropical,pre,0.514985611,0,0.528046605,21.05852856,0.872189846,0.864384174,0.881169742
2018-08,Oceania,most-tropical,pre,0.484816157,0,0.180687011,26.73062499,0.849985257,0.948230366,0.957071218
2018-08,South-eastern Asia,most-tropical,pre,0.494981626,0,0.358066644,24.51428002,0.854970136,0.950151488,0.92533231
2018-08,Europe,most-other,pre,0.518543499,0,0.203554234,22.89435528,0.962551898,0.982335547,0.982449322
2018-08,Southern Asia,most-tropical,pre,0.513049576,0,0.393305879,23.78314998,0.952662779,0.901225795,0.937095474
2018-08,Northern America,most-other,pre,0.508521939,0,0.340214789,21.70625352,0.980137477,0.91135489,0.928594126
2018-08,Japan/Korea,most-other,pre,0.478151312,0,0.193248971,22.64575068,0.893468262,0.964888515,0.967201151
2018-08,Russia,most-other,pre,0.55943488,0,0.190873615,21.01367323,0.91857131,0.639453996,0.820170068
2018-08,Western Asia,most-other,pre,0.47983274,0,0.266234895,23.41931948,0.948163589,0.998587212,1
2018-08,China,most-other,pre,0.505740153,0,0.323279689,21.78170552,0.937845005,0.880890099,0.921480657
2018-08,Southern America,most-tropical,pre,0.44923863,0,0.506660743,20.29890146,0.936237511,0.882403769,0.888700559
2018-08,Africa,most-tropical,pre,0.514985611,0,0.217913597,21.88271875,0.891202535,0.882140272,0.899832506
2018-09,Oceania,most-tropical,pre,0.484816157,0,0.184118738,28.96897554,0.833725248,0.92447423,0.934245641
2018-09,South-eastern Asia,most-tropical,pre,0.494981626,0,0.367749322,26.3853857,0.791240024,0.912995295,0.880920317
2018-09,Europe,most-other,pre,0.518543499,0,0.167669168,24.96166407,0.893512526,0.956950665,0.948094786
2018-09,Southern Asia,most-tropical,pre,0.513049576,0,0.400190848,24.81044412,0.93051664,0.888222812,0.921325183
2018-09,Northern America,most-other,pre,0.508521939,0,0.252012515,22.87316456,0.915034988,0.823458945,0.84220053
2018-09,Japan/Korea,most-other,pre,0.478151312,0,0.162686204,24.98940045,0.829770189,0.903170807,0.902931103
2018-09,Russia,most-other,pre,0.55943488,0,0.139751504,21.68197407,0.855843125,0.59773556,0.765823264
2018-09,Western Asia,most-other,pre,0.47983274,0,0.307650683,25.5404096,0.835395657,0.912805138,0.897531207
2018-09,China,most-other,pre,0.505740153,0,0.294964292,23.55552702,0.860005228,0.824878161,0.86017153
2018-09,Southern America,most-tropical,pre,0.44923863,0,0.397687518,20.36873937,0.896315232,0.843655478,0.849791825
2018-09,Africa,most-tropical,pre,0.514985611,0,0.212982234,22.96576583,0.78995268,0.857554534,0.835590584
2018-10,Oceania,most-tropical,pre,0.430818465,0,0.19559347,28.15864736,0.868556882,0.984347778,0.990366832
2018-10,South-eastern Asia,most-tropical,pre,0.400328587,0,0.3718801,25.36562363,0.82639966,0.952474352,0.919269128
2018-10,Europe,most-other,pre,0.493995456,0,0.15692925,26.78074248,0.837647801,0.918270781,0.905763329
2018-10,Southern Asia,most-tropical,pre,0.441039956,0,0.391814955,24.70513754,0.932249701,0.920356505,0.946105455
2018-10,Northern America,most-other,pre,0.518445641,0,0.214829248,23.89823229,0.859471391,0.89993016,0.905296761
2018-10,Japan/Korea,most-other,pre,0.465405289,0,0.17806385,24.60556613,0.868129304,0.927499302,0.933130588
2018-10,Russia,most-other,pre,0.516484763,0,0.134945144,22.88183002,0.719976217,0.555840451,0.689427565
2018-10,Western Asia,most-other,pre,0.466042159,0,0.353687837,26.17599545,0.828064419,0.887124312,0.880834149
2018-10,China,most-other,pre,0.506295316,0,0.287202485,25.00707563,0.899571083,0.85981499,0.897071818
2018-10,Southern America,most-tropical,pre,0.488919929,0,0.285295358,21.35157292,0.910662158,0.893022154,0.895801417
2018-10,Africa,most-tropical,pre,0.464468992,0,0.234527278,23.34576755,0.757184946,0.905049887,0.842651316
2018-11,Oceania,most-tropical,pre,0.430818465,0,0.212080353,26.35917134,0.819037621,0.956370853,0.956536516
2018-11,South-eastern Asia,most-tropical,pre,0.400328587,0,0.331146159,24.48851196,0.829712586,0.920043682,0.896509006
2018-11,Europe,most-other,pre,0.493995456,0,0.146911414,27.96546118,0.693889804,0.714674849,0.713459908
2018-11,Southern Asia,most-tropical,pre,0.441039956,0,0.388367682,23.25771503,0.930193471,0.890270726,0.922788334
2018-11,Northern America,most-other,pre,0.518445641,0,0.150501215,24.08186014,0.716542188,0.872800462,0.865419484
2018-11,Japan/Korea,most-other,pre,0.465405289,0,0.246591973,24.03602478,0.822354735,0.886098325,0.888899413
2018-11,Russia,most-other,pre,0.516484763,0,0.167982459,23.2651704,0.588328364,0.507217163,0.608559221
2018-11,Western Asia,most-other,pre,0.466042159,0,0.388891026,25.54043114,0.70887586,0.840762412,0.794646688
2018-11,China,most-other,pre,0.506295316,0,0.307201729,24.43227958,0.820502357,0.835910865,0.864066753
2018-11,Southern America,most-tropical,pre,0.488919929,0,0.348313314,21.46286298,0.891111637,0.874675511,0.877315603
2018-11,Africa,most-tropical,pre,0.464468992,0,0.277385252,22.89736454,0.715331967,0.880863146,0.809052384
2018-12,Oceania,most-tropical,pre,0.430818465,0,0.202323987,25.12166917,0.911365847,0.969317591,0.988074838
2018-12,South-eastern Asia,most-tropical,pre,0.400328587,0,0.338315697,23.39549207,0.914625916,0.96452429,0.952016439
2018-12,Europe,most-other,pre,0.493995456,0,0.16093927,28.27367386,0.700478379,0.706122236,0.707945363
2018-12,Southern Asia,most-tropical,pre,0.441039956,0,0.366242325,22.41981601,0.979892873,0.920444859,0.95893106
2018-12,Northern America,most-other,pre,0.518445641,0,0.167428584,23.79733721,0.752309478,0.835446445,0.835526527
2018-12,Japan/Korea,most-other,pre,0.465405289,0,0.320965638,24.25119612,0.856454756,0.913645351,0.919667116
2018-12,Russia,most-other,pre,0.516484763,0,0.227072566,23.48443546,0.61172206,0.528291123,0.633529297
2018-12,Western Asia,most-other,pre,0.466042159,0,0.436767007,24.29649909,0.735983471,0.869805997,0.823483064
2018-12,China,most-other,pre,0.506295316,0,0.357046046,24.20449088,0.859402556,0.845145455,0.878063617
2018-12,Southern America,most-tropical,pre,0.488919929,0,0.381076563,21.7324947,0.989692796,0.95839817,0.962586731
2018-12,Africa,most-tropical,pre,0.464468992,0,0.285050817,21.58989151,0.769794802,0.908920388,0.851058233
2019-01,Oceania,most-tropical,pre,0.455601165,0,0.161207102,24.36826399,0.971793669,0.950309338,0.986615151
2019-01,South-eastern Asia,most-tropical,pre,0.37808942,0,0.25591452,22.91262256,0.929695219,0.917639139,0.92190334
2019-01,Europe,most-other,pre,0.380949049,0,0.179020722,26.59913011,0.689025054,0.683335156,0.6873635
2019-01,Southern Asia,most-tropical,pre,0.357319618,0,0.377916564,21.58092327,0.9875858,0.919698501,0.960426428
2019-01,Northern America,most-other,pre,0.514215271,0,0.216191739,23.52290828,0.748909083,0.77303825,0.778790886
2019-01,Japan/Korea,most-other,pre,0.376576261,0,0.41532342,24.22148287,0.866517785,0.912112028,0.922346181
2019-01,Russia,most-other,pre,0.39640806,0,0.294443613,22.36358594,0.648049937,0.517385713,0.635109129
2019-01,Western Asia,most-other,pre,0.35719473,0,0.457172813,22.8882529,0.716761854,0.903657238,0.830213443
2019-01,China,most-other,pre,0.378680468,0,0.534867875,22.4437955,0.877994648,0.881853369,0.913406198
2019-01,Southern America,most-tropical,pre,0.384130249,0,0.297530283,21.48209873,1,0.984851908,0.987496998
2019-01,Africa,most-tropical,pre,0.417835631,0,0.264004461,21.20976603,0.767424245,0.888398235,0.83953575
2019-02,Oceania,most-tropical,pre,0.455601165,0,0.13170887,23.89127021,0.888157874,0.872454708,0.904866057
2019-02,South-eastern Asia,most-tropical,pre,0.37808942,0,0.211636109,22.45150423,0.869076524,0.839696566,0.848580629
2019-02,Europe,most-other,pre,0.380949049,0,0.173665401,24.95358733,0.629098468,0.650517645,0.648904205
2019-02,Southern Asia,most-tropical,pre,0.357319618,0,0.194708014,21.29512655,0.892649998,0.821448012,0.860654842
2019-02,Northern America,most-other,pre,0.514215271,0,0.20773538,23.11029188,0.647289041,0.750261071,0.747287936
2019-02,Japan/Korea,most-other,pre,0.376576261,0,0.478529205,23.62231086,0.817349179,0.823370571,0.845509931
2019-02,Russia,most-other,pre,0.39640806,0,0.337888286,21.86672073,0.540886174,0.467631333,0.560607233
2019-02,Western Asia,most-other,pre,0.35719473,0,0.404714108,22.11932893,0.653957104,0.810739008,0.750610501
2019-02,China,most-other,pre,0.378680468,0,0.657108462,22.1600051,0.867036246,0.831654688,0.867232914
2019-02,Southern America,most-tropical,pre,0.384130249,0,0.325122936,20.9213167,0.857768996,0.847860375,0.849832023
2019-02,Africa,most-tropical,pre,0.417835631,0,0.297131555,20.91741152,0.681619803,0.811574401,0.756972813
2019-03,Oceania,most-tropical,pre,0.455601165,0,0.15067379,24.16439999,0.86869539,0.968909917,0.977983199
2019-03,South-eastern Asia,most-tropical,pre,0.37808942,0,0.183404901,23.05696983,0.928659153,0.916850867,0.921046933
2019-03,Europe,most-other,pre,0.380949049,0,0.141814197,24.16361245,0.731325332,0.754363501,0.752857997
2019-03,Southern Asia,most-tropical,pre,0.357319618,0,0.172812255,21.41143296,0.958512495,0.860400324,0.907768624
2019-03,Northern America,most-other,pre,0.514215271,0,0.259417823,22.56192505,0.759430403,0.924544023,0.916769387
2019-03,Japan/Korea,most-other,pre,0.376576261,0,0.515234543,22.92829597,0.902119651,0.915237935,0.937488455
2019-03,Russia,most-other,pre,0.39640806,0,0.443176379,21.2390829,0.657341172,0.531343606,0.649790281
2019-03,Western Asia,most-other,pre,0.35719473,0,0.440350436,21.68414565,0.751471212,0.887062538,0.840289323
2019-03,China,most-other,pre,0.378680468,0,0.785826396,22.02182981,0.889599938,0.857396212,0.893438175
2019-03,Southern America,most-tropical,pre,0.384130249,0,0.36578886,21.35325722,0.937268475,0.895522127,0.900655539
2019-03,Africa,most-tropical,pre,0.417835631,0,0.340537135,20.4859069,0.767586459,0.894458907,0.842662937
2019-04,Oceania,most-tropical,pre,0.472876837,0,0.209559065,24.11157967,0.798913026,0.953804196,0.949867501
2019-04,South-eastern Asia,most-tropical,pre,0.478135576,0,0.184539719,22.91743075,0.872026228,0.898183622,0.892050611
2019-04,Europe,most-other,pre,0.438341236,0,0.152393983,23.10319595,0.782318956,0.860587916,0.848315853
2019-04,Southern Asia,most-tropical,pre,0.616877978,0,0.2109799,21.43812781,0.880077084,0.803979148,0.844068826
2019-04,Northern America,most-other,pre,0.445112079,0,0.260923573,22.17611206,0.79886856,0.883631421,0.884056967
2019-04,Japan/Korea,most-other,pre,0.417147172,0,0.525057321,22.29888036,0.878708092,0.889587082,0.911901192
2019-04,Russia,most-other,pre,0.38076949,0,0.285141291,20.45165907,0.696190284,0.529379352,0.659747443
2019-04,Western Asia,most-other,pre,0.450330747,0,0.509239618,21.43610801,0.785148544,0.851294102,0.840248282
2019-04,China,most-other,pre,0.50450031,0,0.891338733,21.95902634,0.879748891,0.862436602,0.896440537
2019-04,Southern America,most-tropical,pre,0.509200241,0,0.397614526,21.23133916,0.86947419,0.841839542,0.845532939
2019-04,Africa,most-tropical,pre,0.490542852,0,0.446243285,20.48137935,0.787894803,0.850263008,0.830873604
2019-05,Oceania,most-tropical,pre,0.472876837,0,0.249338546,24.22712216,0.787904257,0.940894479,0.936966333
2019-05,South-eastern Asia,most-tropical,pre,0.478135576,0,0.198755842,22.57993194,0.857780096,0.908144215,0.895449038
2019-05,Europe,most-other,pre,0.438341236,0,0.135595427,22.9953137,0.812588136,0.935792058,0.914713312
2019-05,Southern Asia,most-tropical,pre,0.616877978,0,0.268919693,22.1025212,0.887865152,0.851939858,0.882447215
2019-05,Northern America,most-other,pre,0.445112079,0,0.179182697,22.31923796,0.884622551,0.931334752,0.936367905
2019-05,Japan/Korea,most-other,pre,0.417147172,0,0.478064769,21.6182352,0.913552302,0.930637709,0.951887084
2019-05,Russia,most-other,pre,0.38076949,0,0.230308955,20.45316013,0.855632754,0.56585207,0.738579182
2019-05,Western Asia,most-other,pre,0.450330747,0,0.566861005,21.98651492,0.808577849,0.83998569,0.846996353
2019-05,China,most-other,pre,0.50450031,0,0.941532149,21.81725726,0.919904867,0.890071772,0.926950526
2019-05,Southern America,most-tropical,pre,0.509200241,0,0.384921989,20.86481604,0.908292952,0.857232163,0.863228653
2019-05,Africa,most-tropical,pre,0.490542852,0,0.520266663,20.49317985,0.74471051,0.843844984,0.805516894
2019-06,Oceania,most-tropical,pre,0.472876837,0,0.297746398,23.97285978,0.78381722,0.89298125,0.897498711
2019-06,South-eastern Asia,most-tropical,pre,0.478135576,0,0.218345737,22.44016537,0.85340051,0.940227154,0.917665839
2019-06,Europe,most-other,pre,0.438341236,0,0.141641549,23.00770444,0.892791305,0.960836126,0.951061316
2019-06,Southern Asia,most-tropical,pre,0.616877978,0,0.320264813,22.71682545,0.888880574,0.849597979,0.880947
2019-06,Northern America,most-other,pre,0.445112079,0,0.191083133,22.59817555,0.941579551,0.936263725,0.946945888
2019-06,Japan/Korea,most-other,pre,0.417147172,0,0.400693402,21.77132367,0.89682823,0.898642779,0.924552814
2019-06,Russia,most-other,pre,0.38076949,0,0.179450141,20.69455983,0.967021192,0.610410927,0.809916726
2019-06,Western Asia,most-other,pre,0.450330747,0,0.607121636,22.55055237,0.857787483,0.911480788,0.908714287
2019-06,China,most-other,pre,0.50450031,0,1.002914439,21.4898909,0.915727386,0.864816598,0.903919826
2019-06,Southern America,most-tropical,pre,0.509200241,0,0.412744597,20.8031308,0.922036907,0.838061188,0.84724527
2019-06,Africa,most-tropical,pre,0.490542852,0,0.56737688,20.81217477,0.847183673,0.844292567,0.858262109
2019-07,Oceania,most-tropical,pre,0.50850045,0,0.305668891,24.16381088,0.864693346,0.997425431,1
2019-07,South-eastern Asia,most-tropical,pre,0.490085221,0,0.232967647,22.97240285,0.888499764,0.949032779,0.933620551
2019-07,Europe,most-other,pre,0.527220338,0,0.142897836,23.81352244,0.979290119,1,1
2019-07,Southern Asia,most-tropical,pre,0.478574955,0,0.334530049,23.43371988,0.890535271,0.878643982,0.903369774
2019-07,Northern America,most-other,pre,0.55345659,0,0.188419711,22.55248927,0.986184312,0.970164929,0.982364383
2019-07,Japan/Korea,most-other,pre,0.530323164,0,0.346817213,21.94472911,0.935051065,0.948034283,0.971304306
2019-07,Russia,most-other,pre,0.550261262,0,0.138554108,20.9004357,1,0.6561099,0.858749804
2019-07,Western Asia,most-other,pre,0.519442751,0,0.642631729,23.8697773,0.932093727,0.931386584,0.957955042
2019-07,China,most-other,pre,0.45594735,0,1.020923285,21.75410516,0.964298775,0.9547109,0.990924249
2019-07,Southern America,most-tropical,pre,0.477924196,0,0.331228575,21.03050166,0.983521033,0.950060826,0.95445072
2019-07,Africa,most-tropical,pre,0.501526214,0,0.555725111,20.8058111,0.921462849,0.893957269,0.92127701
2019-08,Oceania,most-tropical,pre,0.50850045,0,0.30312352,24.77283386,0.838016375,0.955756282,0.960384957
2019-08,South-eastern Asia,most-tropical,pre,0.490085221,0,0.257350575,23.25193982,0.910179391,0.927705383,0.923947948
2019-08,Europe,most-other,pre,0.527220338,0,0.147475484,24.89624029,1,0.985734563,0.992775421
2019-08,Southern Asia,most-tropical,pre,0.478574955,0,0.315517555,23.55265814,0.923525899,0.887847837,0.919169326
2019-08,Northern America,most-other,pre,0.55345659,0,0.197357137,23.17544912,0.994782914,0.946117924,0.961568843
2019-08,Japan/Korea,most-other,pre,0.530323164,0,0.288539128,22.34705266,0.987750801,0.962143893,1
2019-08,Russia,most-other,pre,0.550261262,0,0.123062838,21.55309444,0.996901449,0.653991675,0.85601626
2019-08,Western Asia,most-other,pre,0.519442751,0,0.657549287,24.81773105,0.964629255,0.942933979,0.980928874
2019-08,China,most-other,pre,0.45594735,0,1.047846778,22.16822239,1,0.958936872,1
2019-08,Southern America,most-tropical,pre,0.477924196,0,0.304611521,20.96006403,0.971007406,0.916436653,0.922845676
2019-08,Africa,most-tropical,pre,0.501526214,0,0.736735736,21.0927484,0.955610332,0.900909322,0.942270322
2019-09,Oceania,most-tropical,pre,0.50850045,0,0.266880479,24.83534381,0.816742794,0.948787913,0.94991312
2019-09,South-eastern Asia,most-tropical,pre,0.490085221,0,0.299433911,23.24283108,0.844548981,0.88746849,0.876772449
2019-09,Europe,most-other,pre,0.527220338,0,0.156140195,25.96045422,0.923383694,0.971769282,0.966031742
2019-09,Southern Asia,most-tropical,pre,0.478574955,0,0.371116393,23.19494137,0.905294655,0.861117777,0.894059903
2019-09,Northern America,most-other,pre,0.55345659,0,0.213910437,23.96932699,0.918479846,0.85678995,0.872677114
2019-09,Japan/Korea,most-other,pre,0.530323164,0,0.251585204,22.74050905,0.926422713,0.890820862,0.930237436
2019-09,Russia,most-other,pre,0.550261262,0,0.124106956,21.92528857,0.947677934,0.616608528,0.809408746
2019-09,Western Asia,most-other,pre,0.519442751,0,0.578987241,25.31476224,0.875703208,0.870651492,0.897809893
2019-09,China,most-other,pre,0.45594735,0,1.074877278,22.46252469,0.913137417,0.884412288,0.920919551
2019-09,Southern America,most-tropical,pre,0.477924196,0,0.328395923,21.23863768,0.910358539,0.894212489,0.896847452
2019-09,Africa,most-tropical,pre,0.501526214,0,0.833548349,21.83086065,0.823908062,0.898974492,0.873797369
2019-10,Oceania,most-tropical,pre,0.45449329,0,0.208241421,26.22659591,0.784280487,1,0.983670566
2019-10,South-eastern Asia,most-tropical,pre,0.480272589,0,0.33131101,24.4705919,0.868001468,0.941227156,0.922360026
2019-10,Europe,most-other,pre,0.565295076,0,0.161873844,28.11246218,0.787997246,0.913169972,0.891596393
2019-10,Southern Asia,most-tropical,pre,0.464000378,0,0.372031931,23.52984079,0.911078809,0.923855496,0.943083684
2019-10,Northern America,most-other,pre,0.482233644,0,0.232329632,26.14093657,0.774531141,0.940797263,0.933074185
2019-10,Japan/Korea,most-other,pre,0.516003672,0,0.254802489,23.79527774,0.941407422,0.894609611,0.938248958
2019-10,Russia,most-other,pre,0.492123965,0,0.148280321,22.20476628,0.768673806,0.562161568,0.709396822
2019-10,Western Asia,most-other,pre,0.480851581,0,0.514347374,26.08423237,0.815801197,0.86113473,0.861374194
2019-10,China,most-other,pre,0.528632388,0,1.135390118,23.27857293,0.913694837,0.903710696,0.938125077
2019-10,Southern America,most-tropical,pre,0.493543758,0,0.314445859,21.40729948,0.843239167,0.930335516,0.922943673
2019-10,Africa,most-tropical,pre,0.495375686,0,0.913741746,23.55997217,0.743617469,0.925279261,0.845858051
2019-11,Oceania,most-tropical,pre,0.45449329,0,0.19454656,26.9872519,0.827486614,0.950519668,0.953764202
2019-11,South-eastern Asia,most-tropical,pre,0.480272589,0,0.329565602,24.62040105,0.89192391,0.942840472,0.930032742
2019-11,Europe,most-other,pre,0.565295076,0,0.18578154,29.38229746,0.696141553,0.701137275,0.70307103
2019-11,Southern Asia,most-tropical,pre,0.464000378,0,0.357047295,23.41175024,0.937310478,0.911676366,0.940892299
2019-11,Northern America,most-other,pre,0.482233644,0,0.251698934,27.34503964,0.70477262,0.87249249,0.863875455
2019-11,Japan/Korea,most-other,pre,0.516003672,0,0.249637907,24.74978849,0.933803772,0.850060426,0.905947263
2019-11,Russia,most-other,pre,0.492123965,0,0.172865697,22.35366006,0.590195203,0.539136467,0.636329794
2019-11,Western Asia,most-other,pre,0.480851581,0,0.483300948,25.56516483,0.724450941,0.830546033,0.797785379
2019-11,China,most-other,pre,0.528632388,0,1.153485692,24.05654753,0.883273496,0.862154442,0.896716031
2019-11,Southern America,most-tropical,pre,0.493543758,0,0.35155797,21.65909149,0.867765264,0.89376469,0.89228851
2019-11,Africa,most-tropical,pre,0.495375686,0,0.94708593,23.78806114,0.743210593,0.910055542,0.838003215
2019-12,Oceania,most-tropical,pre,0.45449329,0,0.198624914,28.35502754,0.916365254,0.972593162,0.99185305
2019-12,South-eastern Asia,most-tropical,pre,0.480272589,0,0.300499021,24.46440587,0.96770162,1,0.99230942
2019-12,Europe,most-other,pre,0.565295076,0,0.216609545,30.25856825,0.703448078,0.715710621,0.71623031
2019-12,Southern Asia,most-tropical,pre,0.464000378,0,0.424401772,22.82046055,0.967347772,0.938542901,0.969266632
2019-12,Northern America,most-other,pre,0.482233644,0,0.246590177,27.6033225,0.740748818,0.931128645,0.920707651
2019-12,Japan/Korea,most-other,pre,0.516003672,0,0.29705036,24.76234928,0.975225147,0.878545197,0.94002426
2019-12,Russia,most-other,pre,0.492123965,0,0.205956136,22.44855867,0.584384718,0.55787027,0.650560905
2019-12,Western Asia,most-other,pre,0.480851581,0,0.420591785,24.85357705,0.755049597,0.838373472,0.817877798
2019-12,China,most-other,pre,0.528632388,0,1.173514408,24.26659908,0.922547572,0.884528749,0.922426788
2019-12,Southern America,most-tropical,pre,0.493543758,0,0.378339148,22.38138277,0.970562342,0.962231075,0.964184474
2019-12,Africa,most-tropical,pre,0.495375686,0,1.019159056,23.10885826,0.807337659,0.95202299,0.89194883
2020-01,Oceania,most-tropical,pre,0.499404901,0.018071546,0.20451064,26.4345051,1,0.935456491,0.981124426
2020-01,South-eastern Asia,most-tropical,pre,0.479265299,0.044981745,0.304906683,23.74119791,1,0.998520331,1
2020-01,Europe,most-other,pre,0.515260529,0.011297402,0.228899542,27.9045694,0.69282138,0.673362584,0.680144418
2020-01,Southern Asia,most-tropical,pre,0.459743319,0.020725983,0.489184657,22.32017756,0.984456755,0.943244627,0.977406266
2020-01,Northern America,most-other,pre,0.485234322,0.000974968,0.232137665,25.57929596,0.746203268,0.828659773,0.828739754
2020-01,Japan/Korea,most-other,pre,0.441918283,0.017207228,0.210867679,23.56873031,1,0.882433943,0.951696586
2020-01,Russia,most-other,pre,0.480067106,0.005744828,0.243672244,21.9482212,0.613617805,0.555205534,0.657041787
2020-01,Western Asia,most-other,pre,0.522289096,0.005196393,0.282668155,23.54202642,0.737694918,0.882988719,0.830968805
2020-01,China,most-other,pre,0.494689493,0.23096613,1.281663634,23.20025035,0.98116046,0.917756025,0.960651927
2020-01,Southern America,most-tropical,pre,0.503808939,0.010952368,0.396225282,22.49692323,0.987844254,1,1
2020-01,Africa,most-tropical,pre,0.543403687,0.006641363,1.027801139,22.38327034,0.817794411,0.921376579,0.881915674
2020-02,Oceania,most-tropical,pan,0.499404901,0.174677549,0.306572652,19.51513184,0.738058138,0.825382801,0.832664655
2020-02,South-eastern Asia,most-tropical,pan,0.479265299,0.223999529,0.330039219,20.4122974,0.648409269,0.853897407,0.799022418
2020-02,Europe,most-other,pan,0.515260529,0.095877356,0.26517273,20.47466162,0.60756998,0.616693463,0.617434129
2020-02,Southern Asia,most-tropical,pan,0.459743319,0.101999656,0.596418723,20.25638576,0.845548532,0.880502533,0.892728815
2020-02,Northern America,most-other,pan,0.485234322,0.067352845,0.227370182,20.30403841,0.622252527,0.841813084,0.827289116
2020-02,Japan/Korea,most-other,pan,0.441918283,0.261384181,0.274061375,20.1963366,0.682319205,0.84313336,0.809023235
2020-02,Russia,most-other,pan,0.480067106,0.0833,0.281257324,19.08447183,0.484776232,0.50808064,0.578291065
2020-02,Western Asia,most-other,pan,0.522289096,0.10178775,0.265755071,20.36700838,0.645113002,0.800321644,0.740732336
2020-02,China,most-other,pan,0.494689493,0.760781491,1.289819297,20.35129278,0.467970652,0.308505346,0.343535837
2020-02,Southern America,most-tropical,pan,0.503808939,0.053711467,0.471261253,20.2942845,0.891471956,0.857614947,0.861933939
2020-02,Africa,most-tropical,pan,0.543403687,0.041632931,1.199834863,20.25557302,0.705712876,0.850684089,0.788964522
2020-03,Oceania,most-tropical,pan,0.499404901,0.373666655,0.362266933,18.27573817,0.483290889,0.701881255,0.675047714
2020-03,South-eastern Asia,most-tropical,pan,0.479265299,0.455625652,0.265506395,19.27425115,0.33906202,0.631395266,0.552698797
2020-03,Europe,most-other,pan,0.515260529,0.521106334,0.368892194,20.07935235,0.408603812,0.420517544,0.419866879
2020-03,Southern Asia,most-tropical,pan,0.459743319,0.515622648,0.735334842,19.24936087,0.55122684,0.692656227,0.671763268
2020-03,Northern America,most-other,pan,0.485234322,0.452597032,0.19758561,20.09821747,0.448944817,0.590256677,0.58143213
2020-03,Japan/Korea,most-other,pan,0.441918283,0.474508472,0.395507045,20.09741168,0.290831555,0.591925411,0.498880809
2020-03,Russia,most-other,pan,0.480067106,0.419058065,0.390821018,17,0.334189001,0.462755032,0.494563444
2020-03,Western Asia,most-other,pan,0.522289096,0.501293961,0.292735437,20.23065676,0.421564338,0.547641419,0.49635485
2020-03,China,most-other,pan,0.494689493,0.785566674,1.186192965,20.31486858,0.197341519,0.364626561,0.352953615
2020-03,Southern America,most-tropical,pan,0.503808939,0.464956949,0.494047441,18.03030303,0.63541969,0.641957029,0.642080519
2020-03,Africa,most-tropical,pan,0.543403687,0.312730706,1.265265229,19.04900505,0.4553599,0.670120643,0.569961277
2020-04,Oceania,most-tropical,pan,0.385128301,0.754445712,0.437446827,16.08707745,0.037161613,0.05670456,0.054105792
2020-04,South-eastern Asia,most-tropical,pan,0.370197273,0.793425214,0.328787963,17.00813008,0.044385773,0.168235256,0.134787672
2020-04,Europe,most-other,pan,0.463874077,0.817735177,0.238044778,19.00884956,0.038554954,0.055166852,0.052026189
2020-04,Southern Asia,most-tropical,pan,0.463874077,0.950255337,0.8144037,16.08681838,0.070917975,0.157268996,0.13800006
2020-04,Northern America,most-other,pan,0.40407597,0.728969703,0.314913629,19.00884956,0.0302365,0.094505279,0.088613496
2020-04,Japan/Korea,most-other,pan,0.463874077,0.518784663,0.245002145,17,0.061003448,0.332243584,0.242480345
2020-04,Russia,most-other,pan,0.463874077,0.854983333,0.245114833,12,0.047839646,0.158566804,0.149503837
2020-04,Western Asia,most-other,pan,0.463874077,0.826827912,0.359992614,18.17858626,0.061221847,0.151237828,0.107877287
2020-04,China,most-other,pan,0.541280972,0.597733723,1.445442606,18,0.039144538,0.279046735,0.253422063
2020-04,Southern America,most-tropical,pan,0.463874077,0.824366019,0.29925346,6,0.025382085,0.065345022,0.061524754
2020-04,Africa,most-tropical,pan,0.463874077,0.789151057,1.314988797,18.01282051,0.055301733,0.166296941,0.111868405
2020-05,Oceania,most-tropical,pan,0.385128301,0.640600617,0.492594133,17.08851037,0.027045276,0.058994907,0.053632916
2020-05,South-eastern Asia,most-tropical,pan,0.370197273,0.774839303,0.39478214,15.03255412,0.047472232,0.200791183,0.159376817
2020-05,Europe,most-other,pan,0.463874077,0.729314064,0.272568845,19.1042328,0.046136187,0.097515523,0.087494286
2020-05,Southern Asia,most-tropical,pan,0.463874077,0.828933901,0.892050246,19.1175,0.065353461,0.189095209,0.16059338
2020-05,Northern America,most-other,pan,0.40407597,0.727018766,0.372076226,17,0.030037989,0.132233047,0.122669581
2020-05,Japan/Korea,most-other,pan,0.463874077,0.424549082,0.287817218,15.01369863,0.068011681,0.383539265,0.279032387
2020-05,Russia,most-other,pan,0.463874077,0.80706129,0.269339536,10,0.051656428,0.16796973,0.158662728
2020-05,Western Asia,most-other,pan,0.463874077,0.798139349,0.422389441,19.24345321,0.062316049,0.054637195,0.060235549
2020-05,China,most-other,pan,0.541280972,0.738451953,1.858330354,18,0.052486338,0.406951597,0.368895136
2020-05,Southern America,most-tropical,pan,0.463874077,0.842506088,0.37593324,7,0.028670074,0.060707659,0.057654883
2020-05,Africa,most-tropical,pan,0.463874077,0.763950918,1.393998208,16.03076923,0.076679208,0.149026706,0.11415078
2020-06,Oceania,most-tropical,pan,0.385128301,0.512168273,0.506931517,19.19866595,0.031330108,0.111930389,0.097184757
2020-06,South-eastern Asia,most-tropical,pan,0.370197273,0.68668797,0.481692633,16.02919386,0.046991005,0.250553907,0.195550381
2020-06,Europe,most-other,pan,0.463874077,0.597007653,0.303231039,18.06694915,0.06266225,0.074550314,0.072450204
2020-06,Southern Asia,most-tropical,pan,0.463874077,0.808937514,0.97209725,18.1285702,0.094385487,0.207300666,0.182144506
2020-06,Northern America,most-other,pan,0.40407597,0.706669559,0.41197156,19.16666667,0.04727391,0.23444826,0.216848785
2020-06,Japan/Korea,most-other,pan,0.463874077,0.35383338,0.325022317,15,0.059398418,0.392900439,0.282070884
2020-06,Russia,most-other,pan,0.463874077,0.64354,0.262766721,13,0.058434056,0.287509764,0.262601455
2020-06,Western Asia,most-other,pan,0.463874077,0.728570546,0.479326814,19.32225938,0.097760083,0.175711741,0.139420933
2020-06,China,most-other,pan,0.541280972,0.774574233,1.957739449,17.125,0.0393442,0.493531423,0.443751735
2020-06,Southern America,most-tropical,pan,0.463874077,0.815633317,0.374885593,8,0.038488927,0.063734066,0.061347372
2020-06,Africa,most-tropical,pan,0.463874077,0.717861191,1.485155772,16.10454545,0.062222128,0.131129687,0.097752116
2020-07,Oceania,most-tropical,pan,0.473573703,0.580455747,0.363334716,17.24168224,0.04200205,0.215072283,0.182574726
2020-07,South-eastern Asia,most-tropical,pan,0.586202121,0.631784749,0.561013574,15.12591175,0.067969608,0.42180779,0.326184469
2020-07,Europe,most-other,pan,0.682476451,0.529507121,0.306541482,17.11240252,0.147079966,0.283632284,0.257101413
2020-07,Southern Asia,most-tropical,pan,0.709965999,0.820929674,1.060080604,19.2912297,0.157795297,0.275229532,0.25052856
2020-07,Northern America,most-other,pan,0.66954242,0.688404013,0.443329867,16,0.085242735,0.295304137,0.275900249
2020-07,Japan/Korea,most-other,pan,0.629894852,0.354775511,0.359049809,13.04678363,0.085237558,0.561754443,0.403408986
2020-07,Russia,most-other,pan,0.629894852,0.568570968,0.234204519,10,0.159548056,0.51795549,0.489333759
2020-07,Western Asia,most-other,pan,0.629894852,0.661031386,0.533416774,18.33551701,0.190483021,0.326518266,0.263745433
2020-07,China,most-other,pan,0.468286478,0.77220427,2.066893254,14,0.066669277,0.674055893,0.607997324
2020-07,Southern America,most-tropical,pan,0.629894852,0.827205859,0.376929774,4,0.067329101,0.126282337,0.120682119
2020-07,Africa,most-tropical,pan,0.733892939,0.675713629,1.576161434,15.03846154,0.155719698,0.16779828,0.164089535
2020-08,Oceania,most-tropical,pan,0.473573703,0.660897167,0.590022987,20.13797645,0.045530858,0.170683618,0.147684248
2020-08,South-eastern Asia,most-tropical,pan,0.586202121,0.654195408,0.649960638,15.04488778,0.071665998,0.350183252,0.274934712
2020-08,Europe,most-other,pan,0.682476451,0.547466025,0.316145996,16.07739234,0.196782294,0.42049389,0.37684302
2020-08,Southern Asia,most-tropical,pan,0.709965999,0.79191653,1.150093161,17.40539234,0.18264246,0.291893996,0.26979289
2020-08,Northern America,most-other,pan,0.66954242,0.687644832,0.473590078,16,0.114855248,0.29012188,0.274404322
2020-08,Japan/Korea,most-other,pan,0.629894852,0.387395604,0.356378391,16.04488778,0.093677063,0.626398153,0.449328435
2020-08,Russia,most-other,pan,0.629894852,0.5417,0.184128073,14.02083333,0.219407734,0.618723087,0.593161898
2020-08,Western Asia,most-other,pan,0.629894852,0.593866857,0.571127151,20.45463191,0.246643397,0.370931528,0.315621416
2020-08,China,most-other,pan,0.468286478,0.772784928,1.179334786,13,0.070312597,0.781707052,0.704053534
2020-08,Southern America,most-tropical,pan,0.629894852,0.784609057,0.443598169,8,0.088796448,0.1527545,0.146697528
2020-08,Africa,most-tropical,pan,0.733892939,0.632168534,1.66875254,13.01960784,0.197488994,0.244887971,0.224216737
2020-09,Oceania,most-tropical,pan,0.473573703,0.631690163,0.589072661,19.293739,0.043461632,0.215498169,0.183251207
2020-09,South-eastern Asia,most-tropical,pan,0.586202121,0.656068768,0.734164628,16.03219697,0.067564406,0.366957,0.286058229
2020-09,Europe,most-other,pan,0.682476451,0.526005561,0.318151966,18.09798114,0.171091159,0.317557212,0.289156253
2020-09,Southern Asia,most-tropical,pan,0.709965999,0.701120399,1.225436515,20.68813556,0.189515986,0.347860202,0.313984273
2020-09,Northern America,most-other,pan,0.66954242,0.669217436,0.475979044,19,0.105194868,0.287126569,0.270659815
2020-09,Japan/Korea,most-other,pan,0.629894852,0.392727973,0.328186772,16.03219697,0.087584019,0.556242538,0.400619363
2020-09,Russia,most-other,pan,0.629894852,0.389516667,0.157224594,15.02106643,0.210426836,0.554854024,0.536023732
2020-09,Western Asia,most-other,pan,0.629894852,0.599159352,0.583416728,19.72201909,0.23027178,0.346107307,0.294570042
2020-09,China,most-other,pan,0.468286478,0.594993835,1.165835682,15,0.066416417,0.787023735,0.708189446
2020-09,Southern America,most-tropical,pan,0.629894852,0.7431796,0.383784903,9,0.109410857,0.210981335,0.20132491
2020-09,Africa,most-tropical,pan,0.733892939,0.590570571,1.760170183,16.12237762,0.17509165,0.278248275,0.229493087
2020-10,Oceania,most-tropical,pan,0.656611168,0.567563458,0.574010277,19.36819563,0.031206815,0.268700258,0.223232883
2020-10,South-eastern Asia,most-tropical,pan,0.329214433,0.603014525,0.767690867,16.0882462,0.064094253,0.382956688,0.296788489
2020-10,Europe,most-other,pan,0.477582818,0.556276232,0.284347706,18.1331283,0.146615618,0.239671332,0.221786488
2020-10,Southern Asia,most-tropical,pan,0.336917642,0.645794261,1.265461787,18.82393902,0.197844656,0.412056498,0.364793203
2020-10,Northern America,most-other,pan,0.42103331,0.660882226,0.445865966,16.03846154,0.105036033,0.33190687,0.311090335
2020-10,Japan/Korea,most-other,pan,0.422038297,0.417863115,0.308235676,16.05376344,0.085245346,0.610136442,0.435460675
2020-10,Russia,most-other,pan,0.422038297,0.457619355,0.141170846,17.03590768,0.148675026,0.474813106,0.449298842
2020-10,Western Asia,most-other,pan,0.525994161,0.587033248,0.639737853,20.5494043,0.222465262,0.347663195,0.291217442
2020-10,China,most-other,pan,0.422038297,0.623545719,1.073510582,15,0.056303989,0.818734805,0.734816168
2020-10,Southern America,most-tropical,pan,0.616378023,0.69742915,0.274688966,10,0.138884486,0.308742165,0.292541328
2020-10,Africa,most-tropical,pan,0.526768684,0.516085103,1.829796814,17.02564103,0.195215519,0.327562146,0.264575642
2020-11,Oceania,most-tropical,pan,0.656611168,0.540235291,0.547617297,20.39039298,0.040061363,0.269857299,0.226189473
2020-11,South-eastern Asia,most-tropical,pan,0.329214433,0.599139596,0.822768573,18.06161808,0.05827133,0.39195662,0.301773245
2020-11,Europe,most-other,pan,0.477582818,0.677184233,0.270629964,18.07034143,0.099380277,0.113140556,0.110822597
2020-11,Southern Asia,most-tropical,pan,0.336917642,0.614099436,1.313375787,20.85742976,0.193747206,0.433389564,0.379839041
2020-11,Northern America,most-other,pan,0.42103331,0.71325329,0.419853896,17.02631579,0.10128007,0.320647162,0.300516089
2020-11,Japan/Korea,most-other,pan,0.422038297,0.414200448,0.312771068,18.04985337,0.071981667,0.6136234,0.432900567
2020-11,Russia,most-other,pan,0.422038297,0.462073333,0.163357996,18.10305154,0.086232688,0.363087225,0.335355353
2020-11,Western Asia,most-other,pan,0.525994161,0.55168854,0.650999647,19.65262709,0.16938765,0.319058467,0.248863296
2020-11,China,most-other,pan,0.422038297,0.686446606,0.693857344,14,0.042648762,0.727542601,0.651869357
2020-11,Southern America,most-tropical,pan,0.616378023,0.656085522,0.110586602,12.01600154,0.170366392,0.341356637,0.325084004
2020-11,Africa,most-tropical,pan,0.526768684,0.47100698,1.808908888,18.08460687,0.166506445,0.328173787,0.25016863
2020-12,Oceania,most-tropical,pan,0.656611168,0.551706363,0.526857782,20.62006186,0.059208007,0.430893635,0.360078061
2020-12,South-eastern Asia,most-tropical,pan,0.329214433,0.635704069,0.862870901,19.10872977,0.067206591,0.456571856,0.351339295
2020-12,Europe,most-other,pan,0.477582818,0.701655356,0.257741256,18.30214147,0.128270013,0.138910617,0.137334381
2020-12,Southern Asia,most-tropical,pan,0.336917642,0.662659363,1.374404019,19.08488463,0.236228942,0.501748011,0.442943671
2020-12,Northern America,most-other,pan,0.42103331,0.719618017,0.396741868,17,0.130506096,0.338407547,0.319701429
2020-12,Japan/Korea,most-other,pan,0.422038297,0.48481265,0.339545206,17.06355932,0.075287122,0.553448457,0.394253582
2020-12,Russia,most-other,pan,0.422038297,0.4769,0.226846075,12.23761141,0.107792867,0.417853265,0.388499403
2020-12,Western Asia,most-other,pan,0.525994161,0.566466078,0.482354326,19.80278766,0.200258704,0.288800747,0.25008868
2020-12,China,most-other,pan,0.422038297,0.780576837,0.289941209,12,0.044352686,0.726507285,0.651204991
2020-12,Southern America,most-tropical,pan,0.616378023,0.665448614,0.059973089,15.0106383,0.281773941,0.437208154,0.422566402
2020-12,Africa,most-tropical,pan,0.526768684,0.471552668,1.710729422,15.05009621,0.223472989,0.437838829,0.334446227
2021-01,Oceania,most-tropical,pan,0.610992286,0.554843962,0.414526783,20.41634704,0.048496191,0.389154327,0.324059715
2021-01,South-eastern Asia,most-tropical,pan,0.57341153,0.661635059,0.98517153,16.18219042,0.059157875,0.346559443,0.26889461
2021-01,Europe,most-other,pan,0.536962861,0.729193257,0.262532244,20.07522684,0.121073898,0.098057973,0.10314306
2021-01,Southern Asia,most-tropical,pan,0.526803932,0.657706784,1.400157494,17.73291423,0.249168071,0.508580224,0.451578805
2021-01,Northern America,most-other,pan,0.586741202,0.720908703,0.425871629,16,0.125916828,0.2982467,0.282932737
2021-01,Japan/Korea,most-other,pan,0.536875413,0.536154802,0.386431922,18.12587413,0.06582681,0.37322281,0.27139644
2021-01,Russia,most-other,pan,0.461299796,0.49863871,0.307216602,14,0.122080806,0.529525849,0.487979668
2021-01,Western Asia,most-other,pan,0.493251257,0.603484027,0.575880076,16.54300538,0.203659475,0.340984563,0.277936319
2021-01,China,most-other,pan,0.549107763,0.772738628,0.221360104,12,0.041473932,0.611154219,0.548429389
2021-01,Southern America,most-tropical,pan,0.501230424,0.704604383,0.116749394,12,0.249238513,0.528021691,0.501456903
2021-01,Africa,most-tropical,pan,0.549690774,0.475695835,1.698302675,19.064457,0.230887447,0.438474238,0.338565489
2021-02,Oceania,most-tropical,pan,0.610992286,0.553965792,0.395679614,19.51442014,0.041399225,0.369696753,0.306787768
2021-02,South-eastern Asia,most-tropical,pan,0.57341153,0.669537113,1.073215605,16.09090909,0.047758968,0.311107705,0.239935734
2021-02,Europe,most-other,pan,0.536962861,0.719858173,0.258061368,17.20686058,0.093361456,0.058142437,0.065537218
2021-02,Southern Asia,most-tropical,pan,0.526803932,0.621248168,1.453219596,16.5989549,0.240264142,0.588510575,0.509679131
2021-02,Northern America,most-other,pan,0.586741202,0.690500257,0.418082062,16,0.095042797,0.31457973,0.29436487
2021-02,Japan/Korea,most-other,pan,0.536875413,0.538254413,0.57480727,17,0.050066275,0.398702714,0.282487979
2021-02,Russia,most-other,pan,0.461299796,0.4583,0.387400693,12,0.10375367,0.466601901,0.428848892
2021-02,Western Asia,most-other,pan,0.493251257,0.600073599,0.631754039,16.37464393,0.170794931,0.344040122,0.262077868
2021-02,China,most-other,pan,0.549107763,0.732311673,0.198225976,9,0.02897684,0.478995504,0.42930814
2021-02,Southern America,most-tropical,pan,0.501230424,0.732975668,0.200612066,7,0.166847334,0.417995591,0.393995698
2021-02,Africa,most-tropical,pan,0.549690774,0.469427576,1.660304801,17.0703026,0.181985868,0.417661197,0.303048432
2021-03,Oceania,most-tropical,pan,0.610992286,0.497658531,0.446757352,18.50612691,0.048019282,0.533551575,0.440076707
2021-03,South-eastern Asia,most-tropical,pan,0.57341153,0.677643436,1.207966961,16.18055556,0.061873636,0.469978431,0.359671947
2021-03,Europe,most-other,pan,0.536962861,0.713350886,0.264983885,20.37953471,0.112776255,0.06926063,0.078386572
2021-03,Southern Asia,most-tropical,pan,0.526803932,0.604090616,1.496336807,17.6688961,0.285113799,0.66926181,0.582795738
2021-03,Northern America,most-other,pan,0.586741202,0.638827375,0.365825532,15,0.120863365,0.476298923,0.44321408
2021-03,Japan/Korea,most-other,pan,0.536875413,0.482903228,0.459563712,15.125,0.062027499,0.509730274,0.360425698
2021-03,Russia,most-other,pan,0.461299796,0.405174194,0.458959121,12.09583333,0.153684577,0.570922809,0.532733527
2021-03,Western Asia,most-other,pan,0.493251257,0.619566343,0.636275704,19.56652559,0.211012731,0.345378692,0.28401926
2021-03,China,most-other,pan,0.549107763,0.5260979,0.206453147,8,0.040193283,0.901630693,0.805961339
2021-03,Southern America,most-tropical,pan,0.501230424,0.709118624,0.275811561,10,0.195141238,0.374677254,0.357610624
2021-03,Africa,most-tropical,pan,0.549690774,0.447782333,1.781503888,16.17822178,0.201013809,0.422878444,0.31542122
2021-04,Oceania,most-tropical,pan,0.415984432,0.493509426,0.511699027,16.3561904,0.054616254,0.673086147,0.553801706
2021-04,South-eastern Asia,most-tropical,pan,0.507292939,0.679342798,1.179611958,16.04400166,0.057787917,0.465310785,0.355157274
2021-04,Europe,most-other,pan,0.416007742,0.701354096,0.352054638,20.25376859,0.122790665,0.094624264,0.100740585
2021-04,Southern Asia,most-tropical,pan,0.470183874,0.70161495,1.546477732,18.68442269,0.269380493,0.599867181,0.526070186
2021-04,Northern America,most-other,pan,0.485387271,0.566598897,0.333245008,17,0.133746835,0.528019727,0.491316319
2021-04,Japan/Korea,most-other,pan,0.50328081,0.491760659,0.534819539,15,0.060366984,0.506031631,0.357365994
2021-04,Russia,most-other,pan,0.509940399,0.3935,0.536050422,13.0497067,0.177427954,0.602642035,0.566883529
2021-04,Western Asia,most-other,pan,0.507918061,0.6407729,0.635667318,19.43822613,0.221276591,0.383634728,0.308544746
2021-04,China,most-other,pan,0.50328081,0.736244955,0.236262277,12,0.041192171,0.936066166,0.836662972
2021-04,Southern America,most-tropical,pan,0.50328081,0.698324572,0.356687758,11,0.202737207,0.308533895,0.298580928
2021-04,Africa,most-tropical,pan,0.585021228,0.457275936,1.983507127,17.10257585,0.194879341,0.418954939,0.310306502
2021-05,Oceania,most-tropical,pan,0.415984432,0.444356615,0.548012802,16.53242939,0.056992402,0.664985069,0.547830421
2021-05,South-eastern Asia,most-tropical,pan,0.507292939,0.708179833,1.226713849,18.09122802,0.052983807,0.281899473,0.220045678
2021-05,Europe,most-other,pan,0.416007742,0.632105763,0.364048285,20.28153529,0.141273239,0.148676188,0.147798335
2021-05,Southern Asia,most-tropical,pan,0.470183874,0.774270316,1.581396326,19.85365402,0.19767093,0.347635685,0.315998255
2021-05,Northern America,most-other,pan,0.485387271,0.591018109,0.284541183,18.02593428,0.15921553,0.623728318,0.580503908
2021-05,Japan/Korea,most-other,pan,0.50328081,0.495800837,0.593310849,15,0.059968201,0.457619237,0.325150613
2021-05,Russia,most-other,pan,0.509940399,0.3657,0.596126193,15.11514074,0.226532634,0.741070688,0.699598088
2021-05,Western Asia,most-other,pan,0.507918061,0.634069748,0.638635201,19.67912069,0.207096314,0.332802482,0.275669954
2021-05,China,most-other,pan,0.50328081,0.681215238,0.273100665,11,0.038551883,0.993570476,0.887289321
2021-05,Southern America,most-tropical,pan,0.50328081,0.65529323,0.435450511,9,0.271416744,0.352544427,0.345049703
2021-05,Africa,most-tropical,pan,0.585021228,0.454243191,2.174749204,18.09306476,0.202460548,0.45801562,0.333810796
2021-06,Oceania,most-tropical,pan,0.415984432,0.561363931,0.542488847,18.90550777,0.062760949,0.58040942,0.48113355
2021-06,South-eastern Asia,most-tropical,pan,0.507292939,0.717329762,1.298221647,17.25087749,0.051101452,0.288654708,0.224462817
2021-06,Europe,most-other,pan,0.416007742,0.564109815,0.371336035,19.64185468,0.2196543,0.27516876,0.265054954
2021-06,Southern Asia,most-tropical,pan,0.470183874,0.781474146,1.557841588,20.08102943,0.198636464,0.375875412,0.337626348
2021-06,Northern America,most-other,pan,0.485387271,0.585442956,0.239582076,19.07036453,0.210706177,0.720105468,0.673094117
2021-06,Japan/Korea,most-other,pan,0.50328081,0.523089648,0.641958685,17,0.063610951,0.429450645,0.307828869
2021-06,Russia,most-other,pan,0.509940399,0.445356667,0.658979756,17.18740922,0.343602685,0.881809184,0.854631157
2021-06,Western Asia,most-other,pan,0.507918061,0.571462243,0.658266717,19.76188995,0.271068345,0.551626467,0.418739199
2021-06,China,most-other,pan,0.50328081,0.742098985,0.307209556,12,0.035445371,0.809588505,0.723589274
2021-06,Southern America,most-tropical,pan,0.50328081,0.646136193,0.516045045,8,0.356639264,0.437019295,0.429697647
2021-06,Africa,most-tropical,pan,0.585021228,0.439520626,2.301018607,17.16476389,0.300979553,0.471406099,0.391030122
2021-07,Oceania,most-tropical,pan,0.550985576,0.577139688,0.527898539,20.25260201,0.068723092,0.428664193,0.360462341
2021-07,South-eastern Asia,most-tropical,pan,0.484238835,0.716643043,0.193268534,18.21921444,0.058847101,0.168025366,0.138561272
2021-07,Europe,most-other,pan,0.583954003,0.501631028,0.360524582,20.68411416,0.345868555,0.48021819,0.454961084
2021-07,Southern Asia,most-tropical,pan,0.547529962,0.767074224,1.510309528,20.45312688,0.257218162,0.475278013,0.428534203
2021-07,Northern America,most-other,pan,0.634721736,0.512532407,0.209913263,18.2035168,0.286987629,0.817706864,0.769456451
2021-07,Japan/Korea,most-other,pan,0.572602011,0.490869214,0.656797155,20,0.076232002,0.546149638,0.389765678
2021-07,Russia,most-other,pan,0.577460594,0.339209677,0.717801836,17.246448,0.442130011,0.962955109,0.953308945
2021-07,Western Asia,most-other,pan,0.506605493,0.464124342,0.684077472,20.10753044,0.409861429,0.565784452,0.499221123
2021-07,China,most-other,pan,0.600441054,0.737775849,0.347914126,14,0.037336062,0.970355361,0.8665105
2021-07,Southern America,most-tropical,pan,0.572602011,0.616980161,0.592542012,11.07407407,0.447766508,0.585727553,0.572966112
2021-07,Africa,most-tropical,pan,0.618000245,0.45447752,2.299754561,19.14650913,0.471914019,0.469961339,0.477913251
2021-08,Oceania,most-tropical,post,0.550985576,0.633487517,0.417338727,25.48053086,0.064299228,0.261163893,0.224744192
2021-08,South-eastern Asia,most-tropical,post,0.484238835,0.729740479,0.165109496,20.93874003,0.056760133,0.126462059,0.107672217
2021-08,Europe,most-other,post,0.583954003,0.465926588,0.286871486,22.36071193,0.405035106,0.574138945,0.542220792
2021-08,Southern Asia,most-tropical,post,0.547529962,0.698118967,1.491552414,26.25277843,0.301855905,0.539514072,0.489096719
2021-08,Northern America,most-other,post,0.634721736,0.529277796,0.151645979,20.84898154,0.335919257,0.767374757,0.729256961
2021-08,Japan/Korea,most-other,post,0.572602011,0.508446849,0.45741896,20.31386411,0.069373352,0.520035938,0.369949411
2021-08,Russia,most-other,post,0.577460594,0.462819355,0.75536051,20.94477315,0.506773212,0.995020769,1
2021-08,Western Asia,most-other,post,0.506605493,0.481735956,0.619452276,23.67804985,0.477113236,0.571453157,0.537623648
2021-08,China,most-other,post,0.600441054,0.787523599,0.360384129,18.08193961,0.036742716,0.450276226,0.404985778
2021-08,Southern America,most-tropical,post,0.572602011,0.572337063,0.643876581,17.15140123,0.447436063,0.585919965,0.573107755
2021-08,Africa,most-tropical,post,0.618000245,0.424357469,2.17268563,20.83436611,0.485836843,0.513122202,0.506727171
2021-09,Oceania,most-tropical,post,0.550985576,0.673934452,0.360156813,23.67655456,0.058262059,0.210966288,0.18299322
2021-09,South-eastern Asia,most-tropical,post,0.484238835,0.693059087,0.190972054,20.981626,0.058239586,0.174054745,0.142795025
2021-09,Europe,most-other,post,0.583954003,0.43834022,0.236034311,22.72000941,0.363888449,0.516138075,0.487397865
2021-09,Southern Asia,most-tropical,post,0.547529962,0.620223981,1.423024753,24.35409284,0.327233957,0.594821337,0.537744944
2021-09,Northern America,most-other,post,0.634721736,0.537642883,0.172514706,20.71997556,0.292636622,0.676319277,0.642356325
2021-09,Japan/Korea,most-other,post,0.572602011,0.498584902,0.177356339,20.24620909,0.064103184,0.504692008,0.3578504
2021-09,Russia,most-other,post,0.577460594,0.563253333,0.816509614,20.86531455,0.462981193,0.845998596,0.859844976
2021-09,Western Asia,most-other,post,0.506605493,0.492886335,0.542844595,24.25717503,0.449864289,0.539071033,0.507046001
2021-09,China,most-other,post,0.600441054,0.767382568,0.399159368,19.36122449,0.034868838,0.661259557,0.591899546
2021-09,Southern America,most-tropical,post,0.572602011,0.58704433,0.631028646,19.46263671,0.396592026,0.621937047,0.600695636
2021-09,Africa,most-tropical,post,0.618000245,0.422223826,1.967387542,20.79533359,0.426794284,0.536835279,0.488376365
2021-10,Oceania,most-tropical,post,0.466523647,0.677360589,0.286354758,23.19096881,0.058694372,0.230497605,0.198799476
2021-10,South-eastern Asia,most-tropical,post,0.399418208,0.66450395,0.249891974,20.96526904,0.063187466,0.266067293,0.211265991
2021-10,Europe,most-other,post,0.458590903,0.413223537,0.244936259,23.59267706,0.370053349,0.520245982,0.491940664
2021-10,Southern Asia,most-tropical,post,0.449714438,0.55738201,1.223869359,23.06100742,0.412555696,0.713516278,0.650412601
2021-10,Northern America,most-other,post,0.472396235,0.533982558,0.24265315,20.98298214,0.299731279,0.764896,0.7231259
2021-10,Japan/Korea,most-other,post,0.52947239,0.461900726,0.112500234,20.31631005,0.064147313,0.613415402,0.429886313
2021-10,Russia,most-other,post,0.467411971,0.561406452,0.900937696,21.21269905,0.395151519,0.744166599,0.752723146
2021-10,Western Asia,most-other,post,0.468818691,0.483165048,0.590855873,24.03944616,0.506498686,0.543526158,0.539226658
2021-10,China,most-other,post,0.614101542,0.778145127,0.478304612,19.07142857,0.033027315,0.70696606,0.63217755
2021-10,Southern America,most-tropical,post,0.503092197,0.507796173,0.664871998,19.85293021,0.467085352,0.681748648,0.66161998
2021-10,Africa,most-tropical,post,0.549076148,0.414514767,1.379581572,21.01235315,0.449364767,0.628599727,0.546034208
2021-11,Oceania,most-tropical,post,0.466523647,0.682020774,0.211530125,23.22006771,0.078625895,0.280946591,0.243931895
2021-11,South-eastern Asia,most-tropical,post,0.399418208,0.635142506,0.184312387,20.99127301,0.077280627,0.330606202,0.262176895
2021-11,Europe,most-other,post,0.458590903,0.421574838,0.264333323,25.2983637,0.341205441,0.454395911,0.433326056
2021-11,Southern Asia,most-tropical,post,0.449714438,0.499014345,1.240640594,21.80005786,0.45173731,0.766821797,0.701242634
2021-11,Northern America,most-other,post,0.472396235,0.528149223,0.313171333,21.59323084,0.323318709,0.749973104,0.712183768
2021-11,Japan/Korea,most-other,post,0.52947239,0.457443929,0.07471858,20.5366917,0.070656013,0.663670912,0.465565924
2021-11,Russia,most-other,post,0.467411971,0.53952,0.965780629,20.85919859,0.312914268,0.61206583,0.615483053
2021-11,Western Asia,most-other,post,0.468818691,0.438025929,0.565234206,24.34995064,0.476459713,0.637175114,0.570084654
2021-11,China,most-other,post,0.614101542,0.781192356,0.56379904,19,0.034560938,0.445813303,0.400700583
2021-11,Southern America,most-tropical,post,0.503092197,0.446503614,0.800962936,19.72519851,0.537717685,0.728082599,0.71037878
2021-11,Africa,most-tropical,post,0.549076148,0.389032484,1.164708972,21.05210829,0.464737627,0.628417371,0.553821645
2021-12,Oceania,most-tropical,post,0.466523647,0.585482122,0.165043756,23.23519875,0.128403285,0.481350981,0.416489653
2021-12,South-eastern Asia,most-tropical,post,0.399418208,0.627565317,0.269381384,20.55095664,0.108051132,0.423941399,0.338624483
2021-12,Europe,most-other,post,0.458590903,0.444596785,0.242930657,25.42510037,0.35058203,0.473009877,0.450142874
2021-12,Southern Asia,most-tropical,post,0.449714438,0.530018313,1.326891977,19.97154996,0.543926616,0.810592311,0.759052707
2021-12,Northern America,most-other,post,0.472396235,0.501593533,0.354622561,21.59622504,0.382387224,0.764080581,0.731279292
2021-12,Japan/Korea,most-other,post,0.52947239,0.465969645,0.04901958,20.56165625,0.084073819,0.708772692,0.500368398
2021-12,Russia,most-other,post,0.467411971,0.544970968,0.916435703,20.91177312,0.316593345,0.625868764,0.628351779
2021-12,Western Asia,most-other,post,0.468818691,0.434752056,0.546625022,23.45743377,0.527333402,0.633894126,0.595356518
2021-12,China,most-other,post,0.614101542,0.780643156,0.645469121,18,0.039611683,0.544292624,0.488829125
2021-12,Southern America,most-tropical,post,0.503092197,0.498155665,0.890490602,20.35508509,0.668398353,0.806760895,0.794222351
2021-12,Africa,most-tropical,post,0.549076148,0.392524755,0.510715284,21.58117271,0.422195803,0.701460303,0.568704465
2022-01,Oceania,most-tropical,post,0.488960214,0.540563633,0.216863255,21.1265218,0.148609201,0.48210811,0.42172203
2022-01,South-eastern Asia,most-tropical,post,0.50205285,0.59756251,0.267715344,20.46535575,0.104526346,0.418617544,0.333783388
2022-01,Europe,most-other,post,0.468325664,0.440130975,0.237876254,22.11951101,0.311205901,0.350211225,0.343764699
2022-01,Southern Asia,most-tropical,post,0.287414064,0.654037594,1.40266746,19.60539899,0.540461377,0.744762294,0.708309926
2022-01,Northern America,most-other,post,0.484731693,0.492481653,0.377480929,20.93096176,0.350047008,0.604938734,0.58405685
2022-01,Japan/Korea,most-other,post,0.455957552,0.469491809,0.14767646,20.08356573,0.076946826,0.567804194,0.404372378
2022-01,Russia,most-other,post,0.356714143,0.49686129,1.067405237,18.27574167,0.316396223,0.60800577,0.613064322
2022-01,Western Asia,most-other,post,0.342807797,0.424395062,0.56953426,21.5132409,0.460590217,0.596910999,0.541591685
2022-01,China,most-other,post,0.639598725,0.78014426,0.729401128,18,0.042606158,0.535924922,0.481851693
2022-01,Southern America,most-tropical,post,0.347234021,0.405520289,1.001253077,18.10703819,0.614904049,0.810542276,0.792421894
2022-01,Africa,most-tropical,post,0.467023549,0.386707854,0.300250339,19.42063621,0.364256384,0.656821448,0.516588448
2022-02,Oceania,most-tropical,post,0.488960214,0.463835258,0.233497567,20.85698763,0.13551599,0.415058251,0.364803708
2022-02,South-eastern Asia,most-tropical,post,0.50205285,0.574032347,0.325584437,20.43302136,0.101832668,0.447988235,0.354479257
2022-02,Europe,most-other,post,0.468325664,0.38796363,0.27577312,21.86309932,0.295828776,0.380822096,0.365167597
2022-02,Southern Asia,most-tropical,post,0.287414064,0.634958932,1.421706701,19.53542406,0.511288295,0.669561088,0.643591285
2022-02,Northern America,most-other,post,0.484731693,0.469958141,0.35404061,21.04204474,0.288075536,0.636931575,0.606289004
2022-02,Japan/Korea,most-other,post,0.455957552,0.45768977,0.153850779,20.11401936,0.06874273,0.434511573,0.313065482
2022-02,Russia,most-other,post,0.356714143,0.392942857,1.019816368,20.1895997,0.250055202,0.518120458,0.516572912
2022-02,Western Asia,most-other,post,0.342807797,0.418515393,0.540304279,21.25738657,0.452336624,0.524627068,0.501143692
2022-02,China,most-other,post,0.639598725,0.782093579,0.814705418,19,0.036510007,0.556523323,0.499217977
2022-02,Southern America,most-tropical,post,0.347234021,0.36605876,1.073411882,18.18951846,0.539470507,0.684424778,0.671098276
2022-02,Africa,most-tropical,post,0.467023549,0.370001992,0.359459288,20.52238903,0.410548722,0.640547759,0.532140927
2022-03,Oceania,most-tropical,post,0.488960214,0.407326829,0.328847465,19.65909278,0.193515199,0.543256926,0.481174007
2022-03,South-eastern Asia,most-tropical,post,0.50205285,0.552588507,0.345978476,20.41403375,0.138922851,0.513904415,0.41263939
2022-03,Europe,most-other,post,0.468325664,0.288065616,0.317682289,21.37857029,0.37566479,0.510286188,0.485100331
2022-03,Southern Asia,most-tropical,post,0.287414064,0.465695746,1.456151921,20.53767712,0.642017291,0.928863608,0.874819279
2022-03,Northern America,most-other,post,0.484731693,0.366094365,0.34472369,21.08073034,0.389732653,0.822540945,0.784873375
2022-03,Japan/Korea,most-other,post,0.455957552,0.448528777,0.139886706,20.13027214,0.086955182,0.601616522,0.430444762
2022-03,Russia,most-other,post,0.356714143,0.357796774,0.913965108,19.09376132,0.167330164,0.525315062,0.497937912
2022-03,Western Asia,most-other,post,0.342807797,0.312404736,0.47969302,21.06960196,0.581082885,0.639278296,0.626474953
2022-03,China,most-other,post,0.639598725,0.78276331,0.892930947,18,0.041155555,0.344113391,0.311451976
2022-03,Southern America,most-tropical,post,0.347234021,0.330566193,1.131227663,20.24441731,0.650920735,0.762029411,0.752096009
2022-03,Africa,most-tropical,post,0.467023549,0.352679322,0.408106669,20.51682312,0.547238623,0.787783291,0.676149256
2022-04,Oceania,most-tropical,post,0.456757151,0.410696257,0.409235404,19.78016451,0.266854702,0.706980237,0.629623814
2022-04,South-eastern Asia,most-tropical,post,0.469618914,0.437629479,0.351770084,20.58705889,0.180887879,0.551051746,0.451134985
2022-04,Europe,most-other,post,0.384495989,0.200900328,0.393413366,21.16009567,0.471470073,0.67094109,0.633264678
2022-04,Southern Asia,most-tropical,post,0.489242186,0.435491184,1.465758602,20.85233102,0.660292905,0.916101157,0.870055868
2022-04,Northern America,most-other,post,0.40515415,0.288625355,0.337796571,20.9701217,0.488148073,0.816757065,0.79023401
2022-04,Japan/Korea,most-other,post,0.469718435,0.401293917,0.119655828,20.34030919,0.111509876,0.618958062,0.450947549
2022-04,Russia,most-other,post,0.347498788,0.353656667,0.151734249,19.14787725,0.133622285,0.523471785,0.486274103
2022-04,Western Asia,most-other,post,0.52698059,0.289142837,0.463759643,21.31966977,0.624437027,0.581240011,0.620435936
2022-04,China,most-other,post,0.612033026,0.780138097,0.977405264,19,0.053153952,0.202655379,0.187734495
2022-04,Southern America,most-tropical,post,0.428127994,0.305600168,1.259086503,19.28324496,0.646109161,0.706512728,0.701458972
2022-04,Africa,most-tropical,post,0.478510574,0.305618685,0.512186979,20.46582646,0.573105337,0.712993774,0.651842724
2022-05,Oceania,most-tropical,post,0.456757151,0.335854048,0.478325053,20.83408629,0.304894582,0.717502129,0.646789876
2022-05,South-eastern Asia,most-tropical,post,0.469618914,0.364388207,0.277035708,20.07046214,0.21340916,0.666563784,0.544237007
2022-05,Europe,most-other,post,0.384495989,0.161739251,0.461023412,20.92650223,0.552225096,0.778839823,0.736106251
2022-05,Southern Asia,most-tropical,post,0.489242186,0.360931668,1.452871905,20.8825765,0.719903932,0.960601545,0.919693852
2022-05,Northern America,most-other,post,0.40515415,0.263437107,0.237854331,20.56619911,0.587163948,0.875064005,0.853548968
2022-05,Japan/Korea,most-other,post,0.469718435,0.35705361,0.118937762,20.42369389,0.128903833,0.723369879,0.526497609
2022-05,Russia,most-other,post,0.347498788,0.239364516,0.149915083,18.10875898,0.197140967,0.672076179,0.631979275
2022-05,Western Asia,most-other,post,0.52698059,0.261240106,0.444596913,21.46170904,0.701793009,0.736579878,0.738895008
2022-05,China,most-other,post,0.612033026,0.781490925,1.059594165,16.21150418,0.05143172,0.275026889,0.251688617
2022-05,Southern America,most-tropical,post,0.428127994,0.263104882,1.279421595,18.23696258,0.702573814,0.741707255,0.738769784
2022-05,Africa,most-tropical,post,0.478510574,0.286344678,0.61108433,19.30323746,0.644609141,0.765242596,0.714733074
2022-06,Oceania,most-tropical,post,0.456757151,0.242248452,0.501905569,21.26254033,0.346878794,0.780501524,0.707061554
2022-06,South-eastern Asia,most-tropical,post,0.469618914,0.3143892,0.268012231,21.75463627,0.241924773,0.679064964,0.561100125
2022-06,Europe,most-other,post,0.384495989,0.155628482,0.497490111,21.22391827,0.615807703,0.851462859,0.807199212
2022-06,Southern Asia,most-tropical,post,0.489242186,0.358241169,1.445141849,21.3660384,0.751934766,0.905612854,0.886660681
2022-06,Northern America,most-other,post,0.40515415,0.299175126,0.295118564,20.97648041,0.665722591,0.877174142,0.863904177
2022-06,Japan/Korea,most-other,post,0.469718435,0.317578748,0.146232223,20.69640995,0.151730683,0.703482273,0.521704957
2022-06,Russia,most-other,post,0.347498788,0.23104,0.141185421,19.39412456,0.273038194,0.833122305,0.791997416
2022-06,Western Asia,most-other,post,0.52698059,0.201488938,0.456698723,22.35589642,0.759802603,0.718742268,0.760675123
2022-06,China,most-other,post,0.612033026,0.781374259,1.142548986,19.08897127,0.063565183,0.427162199,0.388479697
2022-06,Southern America,most-tropical,post,0.428127994,0.251282946,1.240874981,18.5460783,0.728702753,0.702232748,0.705647036
2022-06,Africa,most-tropical,post,0.478510574,0.251501087,0.679037527,20.53981352,0.696287742,0.747236205,0.732175895
2022-07,Oceania,most-tropical,post,0.378122886,0.182627011,0.250050471,21.26901267,0.420647987,0.861160012,0.788807887
2022-07,South-eastern Asia,most-tropical,post,0.502862098,0.300896606,0.284563347,21.99445187,0.311860467,0.722837009,0.612023709
2022-07,Europe,most-other,post,0.504053089,0.148910249,0.532393294,21.85469314,0.721917821,0.917939949,0.882002279
2022-07,Southern Asia,most-tropical,post,0.443515081,0.356697773,1.148135346,21.79836138,0.833743365,0.871126189,0.882472162
2022-07,Northern America,most-other,post,0.448562499,0.295897661,0.343996252,21.36321331,0.73954298,0.896896354,0.889657799
2022-07,Japan/Korea,most-other,post,0.469785009,0.305786737,0.206094378,20.83517486,0.207784871,0.810430714,0.613129857
2022-07,Russia,most-other,post,0.475665695,0.277954839,0.12682726,20.55487905,0.334508572,0.98375398,0.938817594
2022-07,Western Asia,most-other,post,0.521751232,0.174069278,0.513596013,22.97288014,0.883292584,0.842557061,0.887800287
2022-07,China,most-other,post,0.563812756,0.781464002,1.220188395,19.06276923,0.077589221,0.63201476,0.572325807
2022-07,Southern America,most-tropical,post,0.44994884,0.244140253,1.017314772,19.62476624,0.811010406,0.831513854,0.830499914
2022-07,Africa,most-tropical,post,0.474243465,0.229504201,0.766920837,20.37201641,0.86455917,0.796662813,0.843244914
2022-08,Oceania,most-tropical,post,0.378122886,0.169850915,0.207896353,20.19044698,0.414647544,0.784195218,0.725538802
2022-08,South-eastern Asia,most-tropical,post,0.502862098,0.287711243,0.324780019,22.6388082,0.333212988,0.664312667,0.575125375
2022-08,Europe,most-other,post,0.504053089,0.12780793,0.576852003,22.29311966,0.727116366,0.901258546,0.869692897
2022-08,Southern Asia,most-tropical,post,0.443515081,0.318043776,0.728317625,22.02334258,0.813816807,0.88530058,0.887861894
2022-08,Northern America,most-other,post,0.448562499,0.27462358,0.380203227,21.97342635,0.736341506,0.869816619,0.864853822
2022-08,Japan/Korea,most-other,post,0.469785009,0.305775346,0.215896143,21.29676778,0.233100953,0.876747942,0.666354293
2022-08,Russia,most-other,post,0.475665695,0.3102,0.135558657,19.83660464,0.34720468,1,0.95646885
2022-08,Western Asia,most-other,post,0.521751232,0.175285877,0.557034137,23.37357091,0.891772755,0.865259101,0.903618142
2022-08,China,most-other,post,0.563812756,0.781378173,1.295799609,19.17094964,0.086169292,0.588018682,0.534570693
2022-08,Southern America,most-tropical,post,0.44994884,0.21946841,0.851618139,20.00235802,0.78865415,0.82004508,0.817955643
2022-08,Africa,most-tropical,post,0.474243465,0.230243247,0.781495631,20.54681369,0.849552169,0.814897623,0.844712057
2022-09,Oceania,most-tropical,post,0.378122886,0.175183697,0.128937546,21.7624238,0.410752529,0.813194685,0.747969295
2022-09,South-eastern Asia,most-tropical,post,0.502862098,0.294127931,0.403190225,22.21487985,0.320782156,0.62950391,0.546355382
2022-09,Europe,most-other,post,0.504053089,0.111998849,0.653789658,23.5152478,0.683611978,0.875562276,0.840273104
2022-09,Southern Asia,most-tropical,post,0.443515081,0.315849048,0.544271971,22.0930336,0.793385186,0.866368686,0.868064231
2022-09,Northern America,most-other,post,0.448562499,0.235611685,0.389095803,22.89064455,0.686932412,0.819004448,0.813643852
2022-09,Japan/Korea,most-other,post,0.469785009,0.296516037,0.248862889,21.70970375,0.216410302,0.770997401,0.590175672
2022-09,Russia,most-other,post,0.475665695,0.3102,0.150292703,21.34552281,0.333908775,0.915239712,0.880228694
2022-09,Western Asia,most-other,post,0.521751232,0.17104637,0.570976453,23.22829334,0.856982453,0.790318694,0.847807508
2022-09,China,most-other,post,0.563812756,0.781069515,1.359506645,19.23643111,0.090462263,0.387554521,0.357350883
2022-09,Southern America,most-tropical,post,0.44994884,0.206976162,0.696138045,20.1573739,0.73084333,0.787041047,0.782492978
2022-09,Africa,most-tropical,post,0.474243465,0.214253307,0.860160223,20.31119688,0.759085968,0.792548959,0.787120663
2022-10,Oceania,most-tropical,post,0.495496077,0.126650659,0.115382204,22.02423123,0.442012334,0.842968898,0.779066914
2022-10,South-eastern Asia,most-tropical,post,0.418795056,0.260690736,0.430397194,21.89988337,0.363064629,0.674217951,0.590457442
2022-10,Europe,most-other,post,0.521139983,0.105618501,0.73610076,24.64421063,0.653337408,0.799712825,0.773357543
2022-10,Southern Asia,most-tropical,post,0.407935407,0.314616372,0.450874216,22.08524296,0.805615285,0.864562163,0.869972398
2022-10,Northern America,most-other,post,0.49595752,0.223106631,0.398690343,23.99460062,0.659495715,0.869510423,0.856312238
2022-10,Japan/Korea,most-other,post,0.466252066,0.254963006,0.287081909,21.44747334,0.257638451,0.877370857,0.675776144
2022-10,Russia,most-other,post,0.545527257,0.272580645,0.18087302,21.48373262,0.333028751,0.688875901,0.686987077
2022-10,Western Asia,most-other,post,0.477037488,0.150460887,0.510785997,23.20920649,0.841197885,0.755917604,0.82228613
2022-10,China,most-other,post,0.55182077,0.780510021,1.400347271,19.25176047,0.115383331,0.334021111,0.313571769
2022-10,Southern America,most-tropical,post,0.458862034,0.195647683,0.744575343,21.44889407,0.763064165,0.822294667,0.817492596
2022-10,Africa,most-tropical,post,0.427338107,0.185001101,0.761974161,19.56827152,0.742997674,0.863562834,0.81454255
2022-11,Oceania,most-tropical,post,0.495496077,0.113991654,0.142402777,21.84603035,0.49115542,0.815110349,0.767907551
2022-11,South-eastern Asia,most-tropical,post,0.418795056,0.259900564,0.456617768,21.28269383,0.409484923,0.672849926,0.602064034
2022-11,Europe,most-other,post,0.521139983,0.106412503,0.81621694,25.48836567,0.535862819,0.59106318,0.582341356
2022-11,Southern Asia,most-tropical,post,0.407935407,0.308217801,0.298005046,21.86505092,0.816364634,0.849085747,0.86113976
2022-11,Northern America,most-other,post,0.49595752,0.263950473,0.361278779,25.15744754,0.551134943,0.820983251,0.800825736
2022-11,Japan/Korea,most-other,post,0.466252066,0.254963006,0.293672001,21.30072306,0.307912391,0.86043731,0.683017811
2022-11,Russia,most-other,post,0.545527257,0.19216,0.226250663,21.7327469,0.263028325,0.535699481,0.535443511
2022-11,Western Asia,most-other,post,0.477037488,0.139025183,0.467866681,22.46697532,0.717207461,0.774978127,0.766215889
2022-11,China,most-other,post,0.55182077,0.780148878,1.281992374,19.31736696,0.137644076,0.295929329,0.283096224
2022-11,Southern America,most-tropical,post,0.458862034,0.186482795,0.747681669,22.13690483,0.778684707,0.824094547,0.820642593
2022-11,Africa,most-tropical,post,0.427338107,0.170170347,0.220231907,19.43575264,0.705310328,0.845778973,0.78629455
2022-12,Oceania,most-tropical,post,0.495496077,0.104411814,0.158538601,22.37790287,0.585318878,0.856806964,0.822986828
2022-12,South-eastern Asia,most-tropical,post,0.418795056,0.251966867,0.435537673,21.47108278,0.48395789,0.73692338,0.669030463
2022-12,Europe,most-other,post,0.521139983,0.105678076,0.8717814,25.66312241,0.552203476,0.606337483,0.597896378
2022-12,Southern Asia,most-tropical,post,0.407935407,0.293565216,0.330813083,22.28219522,0.879739125,0.955147915,0.958370534
2022-12,Northern America,most-other,post,0.49595752,0.263694314,0.376492262,24.92623636,0.602654867,0.841926694,0.825283942
2022-12,Japan/Korea,most-other,post,0.466252066,0.259599192,0.273334294,21.58223212,0.375101197,0.920191491,0.747268857
2022-12,Russia,most-other,post,0.545527257,0.1111,0.274703166,21.48672928,0.270936896,0.514469718,0.519712743
2022-12,Western Asia,most-other,post,0.477037488,0.129750624,0.422678556,22.76731218,0.74151131,0.849150144,0.816096152
2022-12,China,most-other,post,0.55182077,0.598049131,0.45096228,20.357052,0.184126725,0.411922632,0.392945165
2022-12,Southern America,most-tropical,post,0.458862034,0.186435875,0.876281948,21.80019572,0.855510751,0.921038943,0.915739704
2022-12,Africa,most-tropical,post,0.427338107,0.163667283,0.263245913,20.24622592,0.781484961,1,0.902795633
2023-01,Oceania,most-tropical,post,0.492535051,0,0.182729454,22.40893869,0.60399281,0.826262785,0.802695746
2023-01,South-eastern Asia,most-tropical,post,0.484166776,0,0.435310391,21.31503531,0.523756589,0.750018268,0.689390446
2023-01,Europe,most-other,post,0.424058593,0,0.867380567,23.23989073,0.527872411,0.544042936,0.543047415
2023-01,Southern Asia,most-tropical,post,0.443577119,0,0.317983589,22.45738508,0.89403318,0.960863559,0.966523587
2023-01,Northern America,most-other,post,0.408376978,0,0.279904178,22.66001089,0.5771781,0.742243817,0.732505728
2023-01,Japan/Korea,most-other,post,0.444595951,0,0.400060096,20.94269319,0.409698317,0.90528487,0.750097259
2023-01,Russia,most-other,post,0.437911592,0,0.281379347,20.49883847,0.292997308,0.49728239,0.511665371
2023-01,Western Asia,most-other,post,0.381240008,0,0.405368998,21.32701883,0.714971246,0.840287335,0.797633697
2023-01,China,most-other,post,0.544666432,0,0.271590988,19.24230322,0.22502182,0.717851672,0.670479512
2023-01,Southern America,most-tropical,post,0.40639295,0,0.987068969,19.87842224,0.83767891,0.943959777,0.934712946
2023-01,Africa,most-tropical,post,0.537229051,0,0.31790854,20.25348826,0.749146571,0.948322225,0.860265487
2023-02,Oceania,most-tropical,post,0.492535051,0,0.189858311,22.4395206,0.549552315,0.758364588,0.735634163
2023-02,South-eastern Asia,most-tropical,post,0.484166776,0,0.289563187,21.40353089,0.498280163,0.669985623,0.624085207
2023-02,Europe,most-other,post,0.424058593,0,0.805278434,21.62185009,0.49350461,0.555278587,0.5450717
2023-02,Southern Asia,most-tropical,post,0.443577119,0,0.336431381,22.13067273,0.81220957,0.890158546,0.891107592
2023-02,Northern America,most-other,post,0.408376978,0,0.286090356,21.01689489,0.496661442,0.728460212,0.711395921
2023-02,Japan/Korea,most-other,post,0.444595951,0,0.136820373,20.66985538,0.399387224,0.885408055,0.733144777
2023-02,Russia,most-other,post,0.437911592,0,0.178984245,20.15336241,0.262085672,0.442362096,0.455589923
2023-02,Western Asia,most-other,post,0.381240008,0,0.410767942,20.95285568,0.665704574,0.761420543,0.732205836
2023-02,China,most-other,post,0.544666432,0,0.324300752,20.12393006,0.242784058,0.738381261,0.691344191
2023-02,Southern America,most-tropical,post,0.40639295,0,1.287098754,20.45843944,0.7191296,0.793621744,0.787297151
2023-02,Africa,most-tropical,post,0.537229051,0,0.280342773,20.39159884,0.694197504,0.854574362,0.785016504
2023-03,Oceania,most-tropical,post,0.492535051,0,0.187140485,21.90242145,0.629923201,0.899060977,0.867174334
2023-03,South-eastern Asia,most-tropical,post,0.484166776,0,0.309152764,21.09325948,0.575742631,0.739235885,0.695640107
2023-03,Europe,most-other,post,0.424058593,0,0.712573417,20.8263865,0.593009795,0.680216217,0.66537124
2023-03,Southern Asia,most-tropical,post,0.443577119,0,0.365374623,21.57513158,0.908451293,1,1
2023-03,Northern America,most-other,post,0.408376978,0,0.253122486,20.78488431,0.628503071,0.889787293,0.871293868
2023-03,Japan/Korea,most-other,post,0.444595951,0,0.152161898,20.71434819,0.466275563,0.971063442,0.81444278
2023-03,Russia,most-other,post,0.437911592,0,0.319489298,20.21064412,0.303699713,0.524638832,0.538191479
2023-03,Western Asia,most-other,post,0.381240008,0,0.242888439,20.61611613,0.772962387,0.831756724,0.824049863
2023-03,China,most-other,post,0.544666432,0,0.351003233,19.00140845,0.327170091,0.786600543,0.746715985
2023-03,Southern America,most-tropical,post,0.40639295,0,1.032968537,18.46526555,0.784260815,0.881208631,0.872797691
2023-03,Africa,most-tropical,post,0.537229051,0,0.238344676,19.32546792,0.790850527,0.978504226,0.896799234
2023-04,Oceania,most-tropical,post,0.475184422,0,0.211469147,20.15585447,0.649110243,0.882934206,0.858595324
2023-04,South-eastern Asia,most-tropical,post,0.436575621,0,0.587791775,20.59813532,0.586241421,0.724220488,0.687536438
2023-04,Europe,most-other,post,0.449829879,0,0.524042225,20.24875844,0.666045205,0.799046739,0.775403879
2023-04,Southern Asia,most-tropical,post,0.452207274,0,0.431982533,19.89249227,0.872965375,0.942739191,0.947166625
2023-04,Northern America,most-other,post,0.428603388,0,0.265579436,19.26275404,0.671396073,0.867481251,0.855759319
2023-04,Japan/Korea,most-other,post,0.415512452,0,0.185320582,19.46873773,0.517707889,0.898635225,0.785349411
2023-04,Russia,most-other,post,0.473211683,0,0.335150233,16,0.285040561,0.525181254,0.533067211
2023-04,Western Asia,most-other,post,0.452717677,0,0.213826421,20.44918601,0.822715662,0.810529357,0.839770718
2023-04,China,most-other,post,0.411979164,0,0.391275586,20,0.418605564,0.846551027,0.813547908
2023-04,Southern America,most-tropical,post,0.433717078,0,1.514473515,18.03842674,0.759570104,0.833571293,0.827341948
2023-04,Africa,most-tropical,post,0.458590249,0,0.277526852,20.2662024,0.800214239,0.916494178,0.870453089
2023-05,Oceania,most-tropical,post,0.475184422,0,0.229814067,19.85796266,0.656280135,0.855959522,0.838542541
2023-05,South-eastern Asia,most-tropical,post,0.436575621,0,0.485747252,20.42262235,0.608706954,0.779085362,0.733663056
2023-05,Europe,most-other,post,0.449829879,0,0.368265915,20.15645337,0.72901501,0.875956234,0.849806653
2023-05,Southern Asia,most-tropical,post,0.452207274,0,0.474598856,19.43980409,0.87969608,0.948574515,0.953384792
2023-05,Northern America,most-other,post,0.428603388,0,0.26403177,19.18326236,0.784757637,0.900345322,0.897636047
2023-05,Japan/Korea,most-other,post,0.415512452,0,0.20354607,18.31239157,0.55459274,0.953213283,0.835045284
2023-05,Russia,most-other,post,0.473211683,0,0.284951053,16,0.358449874,0.626012301,0.641006304
2023-05,Western Asia,most-other,post,0.452717677,0,0.169511838,20.44119484,0.878729354,0.85189317,0.890046908
2023-05,China,most-other,post,0.411979164,0,0.452557053,20.00643087,0.464048794,0.866990022,0.838461954
2023-05,Southern America,most-tropical,post,0.433717078,0,1.423320257,19.12724119,0.799537499,0.875486483,0.869116857
2023-05,Africa,most-tropical,post,0.458590249,0,0.361345484,20.32517214,0.825148271,0.956651102,0.903401801
