year_month,region,climate,epoch,antigen_drift,inter_air_traffic,intra_air_traffic,total_air_traffic,persistence
2017-01,Oceania,most-tropical,pre,0.199085172,0.891943237,0.893160979,0.922384466,0.07738385
2017-01,South-eastern Asia,most-tropical,pre,0.223425994,0.762806993,0.890849276,0.857043263,0.075758383
2017-01,Europe,most-other,pre,0.170832726,0.585775829,0.60962696,0.607347844,0.108916897
2017-01,Southern Asia,most-tropical,pre,0.171585879,0.899670098,0.693733579,0.765890929,0.066106368
2017-01,Northern America,most-other,pre,0.17674724,0.690085867,0.702275931,0.708548515,0.104147186
2017-01,Japan/Korea,most-other,pre,0.18612732,0.767263111,0.848955419,0.844067971,0.096577747
2017-01,Russia,most-other,pre,0.170625198,0.487339623,0.428870205,0.511530623,0.07850121
2017-01,Western Asia,most-other,pre,0.174022992,0.658840647,0.848670179,0.772127904,0.1005968
2017-01,China,most-other,pre,0.195052455,0.759902057,0.713152458,0.746109304,0.138187077
2017-01,Southern America,most-tropical,pre,0.142319674,0.853818287,0.87305146,0.872210661,0.088761071
2017-01,Africa,most-tropical,pre,0.179696004,0.680488218,0.815179045,0.75820332,0.438835899
2017-02,Oceania,most-tropical,pre,0.199085172,0.759765082,0.844817984,0.853261625,0.087657492
2017-02,South-eastern Asia,most-tropical,pre,0.223425994,0.692133469,0.810886322,0.779516375,0.09844415
2017-02,Europe,most-other,pre,0.170832726,0.52711693,0.578842902,0.570775082,0.10956851
2017-02,Southern Asia,most-tropical,pre,0.171585879,0.802950022,0.638802853,0.698422386,0.104963052
2017-02,Northern America,most-other,pre,0.17674724,0.587891637,0.668001627,0.666599084,0.107929057
2017-02,Japan/Korea,most-other,pre,0.18612732,0.709568363,0.767347677,0.768826711,0.151552957
2017-02,Russia,most-other,pre,0.170625198,0.419077966,0.40345024,0.469421719,0.07128494
2017-02,Western Asia,most-other,pre,0.174022992,0.596838515,0.763476729,0.696805516,0.120617326
2017-02,China,most-other,pre,0.195052455,0.718995332,0.66465332,0.696975917,0.190417647
2017-02,Southern America,most-tropical,pre,0.142319674,0.71731703,0.722243386,0.722619189,0.067745787
2017-02,Africa,most-tropical,pre,0.179696004,0.602750597,0.752479323,0.686868867,0.389280014
2017-03,Oceania,most-tropical,pre,0.199085172,0.779743823,0.973092789,0.96099337,0.115761662
2017-03,South-eastern Asia,most-tropical,pre,0.223425994,0.750326358,0.891804757,0.85435143,0.143568052
2017-03,Europe,most-other,pre,0.170832726,0.628170413,0.692613014,0.682441769,0.135327019
2017-03,Southern Asia,most-tropical,pre,0.171585879,0.936203667,0.720787133,0.796146472,0.147900246
2017-03,Northern America,most-other,pre,0.17674724,0.70248298,0.786241329,0.785723228,0.131798691
2017-03,Japan/Korea,most-other,pre,0.18612732,0.776554046,0.864708241,0.857914108,0.177521124
2017-03,Russia,most-other,pre,0.170625198,0.482023749,0.437712943,0.517477562,0.082850916
2017-03,Western Asia,most-other,pre,0.174022992,0.681499418,0.849316799,0.78443604,0.139595481
2017-03,China,most-other,pre,0.195052455,0.748906348,0.72223345,0.752525887,0.211945805
2017-03,Southern America,most-tropical,pre,0.142319674,0.799922815,0.808469308,0.808594254,0.072055598
2017-03,Africa,most-tropical,pre,0.179696004,0.674075285,0.83097339,0.762849414,0.392797583
2017-04,Oceania,most-tropical,pre,0.187229511,0.764255577,0.921461684,0.915926979,0.147693235
2017-04,South-eastern Asia,most-tropical,pre,0.196792461,0.733302011,0.882699646,0.843086157,0.180939102
2017-04,Europe,most-other,pre,0.198399794,0.685700582,0.784104569,0.767423024,0.135784138
2017-04,Southern Asia,most-tropical,pre,0.231892743,0.885383769,0.742908273,0.799276482,0.196667372
2017-04,Northern America,most-other,pre,0.225081519,0.73932258,0.791460174,0.794399345,0.12364961
2017-04,Japan/Korea,most-other,pre,0.246827798,0.723239424,0.864546555,0.838231928,0.185648873
2017-04,Russia,most-other,pre,0.165376902,0.530615752,0.4372523,0.531633666,0.096238283
2017-04,Western Asia,most-other,pre,0.20613384,0.744051272,0.865754177,0.825727965,0.136585347
2017-04,China,most-other,pre,0.223861756,0.733368952,0.722576948,0.750512619,0.228825013
2017-04,Southern America,most-tropical,pre,0.183643433,0.771284444,0.782971575,0.782759973,0.077896514
2017-04,Africa,most-tropical,pre,0.212674375,0.726206519,0.82335459,0.785741518,0.424952018
2017-05,Oceania,most-tropical,pre,0.187229511,0.74185242,0.913676027,0.904539401,0.178190665
2017-05,South-eastern Asia,most-tropical,pre,0.196792461,0.730084203,0.914158182,0.86516289,0.185417822
2017-05,Europe,most-other,pre,0.198399794,0.722249948,0.871540596,0.844895459,0.132422907
2017-05,Southern Asia,most-tropical,pre,0.231892743,0.912990672,0.783966152,0.837738814,0.247554446
2017-05,Northern America,most-other,pre,0.225081519,0.813362001,0.824387925,0.832104367,0.185339751
2017-05,Japan/Korea,most-other,pre,0.246827798,0.736693085,0.905860844,0.870538686,0.156815468
2017-05,Russia,most-other,pre,0.165376902,0.654851653,0.468055176,0.59509068,0.100479328
2017-05,Western Asia,most-other,pre,0.20613384,0.778152507,0.874121577,0.847942608,0.096670587
2017-05,China,most-other,pre,0.223861756,0.755902361,0.753163715,0.781012266,0.215483505
2017-05,Southern America,most-tropical,pre,0.183643433,0.804685614,0.818829411,0.818420713,0.104613849
2017-05,Africa,most-tropical,pre,0.212674375,0.714383208,0.853873961,0.795010466,0.467391418
2017-06,Oceania,most-tropical,pre,0.187229511,0.746510803,0.890488484,0.886957605,0.191100008
2017-06,South-eastern Asia,most-tropical,pre,0.196792461,0.711822627,0.895034686,0.84625279,0.19673948
2017-06,Europe,most-other,pre,0.198399794,0.767989084,0.891260889,0.869981124,0.108371226
2017-06,Southern Asia,most-tropical,pre,0.231892743,0.894839116,0.769700829,0.822083029,0.291352932
2017-06,Northern America,most-other,pre,0.225081519,0.874397013,0.850976356,0.86268476,0.198895704
2017-06,Japan/Korea,most-other,pre,0.246827798,0.722511134,0.880192455,0.848328564,0.136905265
2017-06,Russia,most-other,pre,0.165376902,0.787746874,0.536334821,0.6930898,0.096256798
2017-06,Western Asia,most-other,pre,0.20613384,0.765065594,0.846165247,0.827065212,0.114113365
2017-06,China,most-other,pre,0.223861756,0.754206728,0.74223932,0.771066709,0.211419295
2017-06,Southern America,most-tropical,pre,0.183643433,0.815809176,0.781475843,0.785751022,0.166255025
2017-06,Africa,most-tropical,pre,0.212674375,0.723277796,0.809952964,0.777509332,0.50859591
2017-07,Oceania,most-tropical,pre,0.260628674,0.828414198,0.973531065,0.972482511,0.213475838
2017-07,South-eastern Asia,most-tropical,pre,0.194451324,0.774342884,0.952073195,0.904841345,0.183234905
2017-07,Europe,most-other,pre,0.211103906,0.867605384,0.928963624,0.920412341,0.08485986
2017-07,Southern Asia,most-tropical,pre,0.207334522,0.932160521,0.785294971,0.843878004,0.323158777
2017-07,Northern America,most-other,pre,0.22063375,0.95364025,0.876175113,0.89396829,0.195597625
2017-07,Japan/Korea,most-other,pre,0.205593915,0.779155222,0.955433369,0.918966597,0.121152082
2017-07,Russia,most-other,pre,0.194191034,0.857958072,0.572306712,0.744778067,0.100898743
2017-07,Western Asia,most-other,pre,0.192940358,0.846160589,0.920163833,0.906898588,0.102364788
2017-07,China,most-other,pre,0.204074775,0.830630445,0.817156621,0.848938211,0.218115332
2017-07,Southern America,most-tropical,pre,0.215175003,0.891129317,0.854252609,0.858862137,0.057931291
2017-07,Africa,most-tropical,pre,0.192224926,0.842977227,0.868300528,0.868164481,0.579825587
2017-08,Oceania,most-tropical,pre,0.260628674,0.795545811,0.956868839,0.951561646,0.241536081
2017-08,South-eastern Asia,most-tropical,pre,0.194451324,0.771886484,0.910255735,0.87366656,0.216843745
2017-08,Europe,most-other,pre,0.211103906,0.881955464,0.929674465,0.923895267,0.091643102
2017-08,Southern Asia,most-tropical,pre,0.207334522,0.91516787,0.783401657,0.8378947,0.314550198
2017-08,Northern America,most-other,pre,0.22063375,0.945970172,0.864477371,0.882577416,0.185438961
2017-08,Japan/Korea,most-other,pre,0.205593915,0.81553405,1,0.961844986,0.123132337
2017-08,Russia,most-other,pre,0.194191034,0.864387223,0.571194654,0.74575496,0.081131409
2017-08,Western Asia,most-other,pre,0.192940358,0.885195799,0.929388283,0.932150875,0.11478068
2017-08,China,most-other,pre,0.204074775,0.848788899,0.826885344,0.860279017,0.235638199
2017-08,Southern America,most-tropical,pre,0.215175003,0.866689794,0.844999071,0.84811648,0.074812106
2017-08,Africa,most-tropical,pre,0.192224926,0.846648179,0.872663623,0.872237367,0.593606949
2017-09,Oceania,most-tropical,pre,0.260628674,0.785311428,0.937697577,0.933802056,0.29108214
2017-09,South-eastern Asia,most-tropical,pre,0.194451324,0.717596898,0.885873367,0.841137083,0.241689777
2017-09,Europe,most-other,pre,0.211103906,0.817797394,0.911748078,0.896507353,0.121249871
2017-09,Southern Asia,most-tropical,pre,0.207334522,0.898577857,0.769785433,0.823148278,0.324643536
2017-09,Northern America,most-other,pre,0.22063375,0.865410557,0.762524581,0.781824575,0.192909919
2017-09,Japan/Korea,most-other,pre,0.205593915,0.754474143,0.928900524,0.892328974,0.142986664
2017-09,Russia,most-other,pre,0.194191034,0.794989405,0.528997245,0.689002887,0.096071861
2017-09,Western Asia,most-other,pre,0.192940358,0.818279823,0.873049876,0.868632994,0.138015838
2017-09,China,most-other,pre,0.204074775,0.768469577,0.777499144,0.804478599,0.189100769
2017-09,Southern America,most-tropical,pre,0.215175003,0.822094949,0.821041029,0.822117245,0.052959666
2017-09,Africa,most-tropical,pre,0.192224926,0.77015324,0.842307889,0.817784992,0.632701597
2017-10,Oceania,most-tropical,pre,0.215840749,0.83798752,0.967379088,0.969725563,0.317146959
2017-10,South-eastern Asia,most-tropical,pre,0.180702891,0.751560942,0.912361304,0.869683621,0.24343681
2017-10,Europe,most-other,pre,0.204677272,0.764405493,0.860598646,0.844687582,0.156263747
2017-10,Southern Asia,most-tropical,pre,0.177178338,0.926616977,0.808757978,0.860148346,0.351526981
2017-10,Northern America,most-other,pre,0.224786444,0.819865232,0.837204724,0.844380526,0.210375135
2017-10,Japan/Korea,most-other,pre,0.200260749,0.80022032,0.933885375,0.912427236,0.169015713
2017-10,Russia,most-other,pre,0.204315021,0.659873248,0.496026513,0.620440117,0.109314599
2017-10,Western Asia,most-other,pre,0.19546426,0.775431471,0.846534443,0.832732537,0.159442607
2017-10,China,most-other,pre,0.204763218,0.820422561,0.798839587,0.831163642,0.152206263
2017-10,Southern America,most-tropical,pre,0.267927058,0.83478782,0.839732553,0.840245858,0.091444108
2017-10,Africa,most-tropical,pre,0.22405175,0.718198649,0.874367931,0.807259338,0.542776662
2017-11,Oceania,most-tropical,pre,0.215840749,0.80187626,0.942365,0.941345995,0.311303877
2017-11,South-eastern Asia,most-tropical,pre,0.180702891,0.773523279,0.895020174,0.862995951,0.236961168
2017-11,Europe,most-other,pre,0.204677272,0.63878242,0.661673458,0.659808099,0.210803291
2017-11,Southern Asia,most-tropical,pre,0.177178338,0.945358582,0.802480104,0.860416727,0.362342287
2017-11,Northern America,most-other,pre,0.224786444,0.68345513,0.803794336,0.799531394,0.251261261
2017-11,Japan/Korea,most-other,pre,0.200260749,0.762394971,0.857393056,0.847869772,0.207794751
2017-11,Russia,most-other,pre,0.204315021,0.53364806,0.450799886,0.544091057,0.141802575
2017-11,Western Asia,most-other,pre,0.19546426,0.691984193,0.854635973,0.792637158,0.158867331
2017-11,China,most-other,pre,0.204763218,0.762982661,0.774631481,0.801115691,0.187151174
2017-11,Southern America,most-tropical,pre,0.267927058,0.806079336,0.821996442,0.821418541,0.096876971
2017-11,Africa,most-tropical,pre,0.22405175,0.686254149,0.85465597,0.780986297,0.3613141
2017-12,Oceania,most-tropical,pre,0.215840749,0.896593751,0.955516843,0.973595974,0.284329141
2017-12,South-eastern Asia,most-tropical,pre,0.180702891,0.845407577,0.952559155,0.924492268,0.25863766
2017-12,Europe,most-other,pre,0.204677272,0.646480862,0.652708565,0.654188574,0.253193967
2017-12,Southern Asia,most-tropical,pre,0.177178338,1,0.852344285,0.912782741,0.355996826
2017-12,Northern America,most-other,pre,0.224786444,0.727991076,0.798959456,0.799954297,0.279996978
2017-12,Japan/Korea,most-other,pre,0.200260749,0.792780856,0.89029111,0.880818374,0.230991108
2017-12,Russia,most-other,pre,0.204315021,0.543354817,0.445646945,0.542604383,0.173170672
2017-12,Western Asia,most-other,pre,0.19546426,0.729246411,0.894567445,0.832279764,0.168836147
2017-12,China,most-other,pre,0.204763218,0.793211939,0.78514947,0.814957621,0.209382935
2017-12,Southern America,most-tropical,pre,0.267927058,0.886923154,0.867952216,0.870831567,0.105103049
2017-12,Africa,most-tropical,pre,0.22405175,0.738091047,0.889884219,0.825248006,0.48794177
2018-01,Oceania,most-tropical,pre,0.208210966,0.965761223,0.93390133,0.972039286,0.260008496
2018-01,South-eastern Asia,most-tropical,pre,0.175175873,0.848866918,0.95804277,0.929432145,0.277374076
2018-01,Europe,most-other,pre,0.202319177,0.637245349,0.636096677,0.639004423,0.290462711
2018-01,Southern Asia,most-tropical,pre,0.190316678,0.987768135,0.879228319,0.929850719,0.342988849
2018-01,Northern America,most-other,pre,0.224372987,0.724734056,0.746329368,0.752066107,0.308871512
2018-01,Japan/Korea,most-other,pre,0.199642413,0.80596812,0.901447021,0.893050043,0.295505752
2018-01,Russia,most-other,pre,0.196424964,0.556642292,0.455851167,0.555281986,0.199208541
2018-01,Western Asia,most-other,pre,0.200418537,0.699124817,0.91246294,0.825279906,0.156191418
2018-01,China,most-other,pre,0.194459232,0.789569425,0.79965654,0.827285478,0.231153301
2018-01,Southern America,most-tropical,pre,0.209694703,0.915362161,0.889005984,0.892630608,0.114242264
2018-01,Africa,most-tropical,pre,0.185354679,0.731816006,0.852775826,0.80339372,0.495638819
2018-02,Oceania,most-tropical,pre,0.208210966,0.824975105,0.857209861,0.87814858,0.255297643
2018-02,South-eastern Asia,most-tropical,pre,0.175175873,0.80555298,0.851700271,0.84008917,0.188600869
2018-02,Europe,most-other,pre,0.202319177,0.580181388,0.608256259,0.605113858,0.304492981
2018-02,Southern Asia,most-tropical,pre,0.190316678,0.883761963,0.791209821,0.835392844,0.286211172
2018-02,Northern America,most-other,pre,0.224372987,0.632252467,0.731888035,0.729075342,0.348097805
2018-02,Japan/Korea,most-other,pre,0.199642413,0.753718759,0.808212787,0.812106588,0.329626398
2018-02,Russia,most-other,pre,0.196424964,0.488217237,0.428014906,0.511064234,0.221578215
2018-02,Western Asia,most-other,pre,0.200418537,0.631700324,0.816467709,0.741697391,0.183804889
2018-02,China,most-other,pre,0.194459232,0.823737717,0.766654946,0.803102658,0.249187747
2018-02,Southern America,most-tropical,pre,0.209694703,0.796600074,0.776267561,0.779171011,0.139395384
2018-02,Africa,most-tropical,pre,0.185354679,0.643318846,0.767859949,0.715386358,0.480516511
2018-03,Oceania,most-tropical,pre,0.208210966,0.832561571,0.961739129,0.96394828,0.188936899
2018-03,South-eastern Asia,most-tropical,pre,0.175175873,0.869456307,0.949802943,0.9290115,0.209639645
2018-03,Europe,most-other,pre,0.202319177,0.697556539,0.738115463,0.732984504,0.325658764
2018-03,Southern Asia,most-tropical,pre,0.190316678,0.977374846,0.877009635,0.925388498,0.202729956
2018-03,Northern America,most-other,pre,0.224372987,0.757197264,0.899378059,0.893798164,0.279810005
2018-03,Japan/Korea,most-other,pre,0.199642413,0.838234354,0.903968268,0.906567067,0.298645608
2018-03,Russia,most-other,pre,0.196424964,0.57727668,0.490642616,0.591120244,0.306165509
2018-03,Western Asia,most-other,pre,0.200418537,0.748083652,0.917120273,0.85350151,0.192912243
2018-03,China,most-other,pre,0.194459232,0.85238524,0.82015335,0.854842647,0.237317152
2018-03,Southern America,most-tropical,pre,0.209694703,0.871201406,0.844284304,0.847910615,0.181808788
2018-03,Africa,most-tropical,pre,0.185354679,0.744785537,0.859943678,0.813641115,0.83640674
2018-04,Oceania,most-tropical,pre,0.191219505,0.796219989,0.934568147,0.933781408,0.171879206
2018-04,South-eastern Asia,most-tropical,pre,0.184945029,0.828119957,0.934802486,0.906843792,0.22053954
2018-04,Europe,most-other,pre,0.199033276,0.743375291,0.83233065,0.817770178,0.297012135
2018-04,Southern Asia,most-tropical,pre,0.183982926,0.932006662,0.855557045,0.897005416,0.22023347
2018-04,Northern America,most-other,pre,0.248771864,0.784480461,0.859629215,0.860829597,0.319091277
2018-04,Japan/Korea,most-other,pre,0.197318811,0.804235084,0.878639619,0.877305835,0.205907016
2018-04,Russia,most-other,pre,0.219848439,0.634039413,0.490828452,0.608273859,0.235703584
2018-04,Western Asia,most-other,pre,0.180231875,0.788109999,0.908521778,0.870381308,0.214112279
2018-04,China,most-other,pre,0.223241403,0.832265742,0.808332928,0.841353428,0.283415997
2018-04,Southern America,most-tropical,pre,0.213140214,0.838748284,0.802510922,0.806996748,0.252400302
2018-04,Africa,most-tropical,pre,0.22996008,0.759863855,0.835462263,0.809073089,0.779080879
2018-05,Oceania,most-tropical,pre,0.191219505,0.773461642,0.915501229,0.913240021,0.189279189
2018-05,South-eastern Asia,most-tropical,pre,0.184945029,0.8074006,0.922237093,0.892050767,0.233509994
2018-05,Europe,most-other,pre,0.199033276,0.784859976,0.906370752,0.88551205,0.305897944
2018-05,Southern Asia,most-tropical,pre,0.183982926,0.937368533,0.886267002,0.921680109,0.263882607
2018-05,Northern America,most-other,pre,0.248771864,0.865628494,0.900745774,0.906695677,0.379115444
2018-05,Japan/Korea,most-other,pre,0.197318811,0.820389698,0.914249562,0.906825651,0.199178482
2018-05,Russia,most-other,pre,0.219848439,0.766921386,0.524517009,0.676779652,0.281424831
2018-05,Western Asia,most-other,pre,0.180231875,0.832495644,0.880317799,0.879780412,0.220746716
2018-05,China,most-other,pre,0.223241403,0.850503992,0.834254421,0.867073049,0.272286868
2018-05,Southern America,most-tropical,pre,0.213140214,0.883216316,0.845386395,0.850078383,0.326358119
2018-05,Africa,most-tropical,pre,0.22996008,0.75127865,0.846161984,0.810046994,0.706442812
2018-06,Oceania,most-tropical,pre,0.191219505,0.786436806,0.878567873,0.886506698,0.181609314
2018-06,South-eastern Asia,most-tropical,pre,0.184945029,0.807069469,0.968432131,0.925662293,0.267129665
2018-06,Europe,most-other,pre,0.199033276,0.841759317,0.928931516,0.915139238,0.278452324
2018-06,Southern Asia,most-tropical,pre,0.183982926,0.931260768,0.86128472,0.901139905,0.313008586
2018-06,Northern America,most-other,pre,0.248771864,0.926947522,0.925623039,0.935761014,0.353553251
2018-06,Japan/Korea,most-other,pre,0.197318811,0.816756033,0.875754713,0.879992049,0.2335794
2018-06,Russia,most-other,pre,0.219848439,0.95022647,0.5895675,0.787118965,0.266169722
2018-06,Western Asia,most-other,pre,0.180231875,0.820751529,0.909642587,0.88820653,0.23025663
2018-06,China,most-other,pre,0.223241403,0.857825868,0.803006855,0.840441242,0.290652128
2018-06,Southern America,most-tropical,pre,0.213140214,0.906217611,0.811928971,0.82208793,0.409805706
2018-06,Africa,most-tropical,pre,0.22996008,0.791498561,0.814559411,0.81478806,0.612108858
2018-07,Oceania,most-tropical,pre,0.175534283,0.887753367,0.973149962,0.985753912,0.178624919
2018-07,South-eastern Asia,most-tropical,pre,0.192803272,0.854963925,0.97141343,0.940842203,0.314908295
2018-07,Europe,most-other,pre,0.190120218,0.945340797,0.979089444,0.976354337,0.245594514
2018-07,Southern Asia,most-tropical,pre,0.22889142,0.956377238,0.896066443,0.934186021,0.350700266
2018-07,Northern America,most-other,pre,0.20682956,1,0.95985761,0.974540267,0.318803911
2018-07,Japan/Korea,most-other,pre,0.185400388,0.858389292,0.931591641,0.932265246,0.219632484
2018-07,Russia,most-other,pre,0.230312778,0.96910081,0.629803053,0.827071422,0.22829236
2018-07,Western Asia,most-other,pre,0.175389357,0.908479679,1,0.979714415,0.243365037
2018-07,China,most-other,pre,0.194239835,0.925370826,0.866919603,0.907224412,0.327667194
2018-07,Southern America,most-tropical,pre,0.182873428,0.969929497,0.935089879,0.939596563,0.469817254
2018-07,Africa,most-tropical,pre,0.255743028,0.872189846,0.864384174,0.881169742,0.528046605
2018-08,Oceania,most-tropical,pre,0.175534283,0.849985257,0.948230366,0.957071218,0.180687011
2018-08,South-eastern Asia,most-tropical,pre,0.192803272,0.854970136,0.950151488,0.92533231,0.358066644
2018-08,Europe,most-other,pre,0.190120218,0.962551898,0.982335547,0.982449322,0.203554234
2018-08,Southern Asia,most-tropical,pre,0.22889142,0.952662779,0.901225795,0.937095474,0.393305879
2018-08,Northern America,most-other,pre,0.20682956,0.980137477,0.91135489,0.928594126,0.340214789
2018-08,Japan/Korea,most-other,pre,0.185400388,0.893468262,0.964888515,0.967201151,0.193248971
2018-08,Russia,most-other,pre,0.230312778,0.91857131,0.639453996,0.820170068,0.190873615
2018-08,Western Asia,most-other,pre,0.175389357,0.948163589,0.998587212,1,0.266234895
2018-08,China,most-other,pre,0.194239835,0.937845005,0.880890099,0.921480657,0.323279689
2018-08,Southern America,most-tropical,pre,0.182873428,0.936237511,0.882403769,0.888700559,0.506660743
2018-08,Africa,most-tropical,pre,0.255743028,0.891202535,0.882140272,0.899832506,0.217913597
2018-09,Oceania,most-tropical,pre,0.175534283,0.833725248,0.92447423,0.934245641,0.184118738
2018-09,South-eastern Asia,most-tropical,pre,0.192803272,0.791240024,0.912995295,0.880920317,0.367749322
2018-09,Europe,most-other,pre,0.190120218,0.893512526,0.956950665,0.948094786,0.167669168
2018-09,Southern Asia,most-tropical,pre,0.22889142,0.93051664,0.888222812,0.921325183,0.400190848
2018-09,Northern America,most-other,pre,0.20682956,0.915034988,0.823458945,0.84220053,0.252012515
2018-09,Japan/Korea,most-other,pre,0.185400388,0.829770189,0.903170807,0.902931103,0.162686204
2018-09,Russia,most-other,pre,0.230312778,0.855843125,0.59773556,0.765823264,0.139751504
2018-09,Western Asia,most-other,pre,0.175389357,0.835395657,0.912805138,0.897531207,0.307650683
2018-09,China,most-other,pre,0.194239835,0.860005228,0.824878161,0.86017153,0.294964292
2018-09,Southern America,most-tropical,pre,0.182873428,0.896315232,0.843655478,0.849791825,0.397687518
2018-09,Africa,most-tropical,pre,0.255743028,0.78995268,0.857554534,0.835590584,0.212982234
2018-10,Oceania,most-tropical,pre,0.182487869,0.868556882,0.984347778,0.990366832,0.19559347
2018-10,South-eastern Asia,most-tropical,pre,0.181443413,0.82639966,0.952474352,0.919269128,0.3718801
2018-10,Europe,most-other,pre,0.231748911,0.837647801,0.918270781,0.905763329,0.15692925
2018-10,Southern Asia,most-tropical,pre,0.187659542,0.932249701,0.920356505,0.946105455,0.391814955
2018-10,Northern America,most-other,pre,0.246916332,0.859471391,0.89993016,0.905296761,0.214829248
2018-10,Japan/Korea,most-other,pre,0.197586723,0.868129304,0.927499302,0.933130588,0.17806385
2018-10,Russia,most-other,pre,0.179827219,0.719976217,0.555840451,0.689427565,0.134945144
2018-10,Western Asia,most-other,pre,0.19186573,0.828064419,0.887124312,0.880834149,0.353687837
2018-10,China,most-other,pre,0.219388754,0.899571083,0.85981499,0.897071818,0.287202485
2018-10,Southern America,most-tropical,pre,0.212956069,0.910662158,0.893022154,0.895801417,0.285295358
2018-10,Africa,most-tropical,pre,0.228931397,0.757184946,0.905049887,0.842651316,0.234527278
2018-11,Oceania,most-tropical,pre,0.182487869,0.819037621,0.956370853,0.956536516,0.212080353
2018-11,South-eastern Asia,most-tropical,pre,0.181443413,0.829712586,0.920043682,0.896509006,0.331146159
2018-11,Europe,most-other,pre,0.231748911,0.693889804,0.714674849,0.713459908,0.146911414
2018-11,Southern Asia,most-tropical,pre,0.187659542,0.930193471,0.890270726,0.922788334,0.388367682
2018-11,Northern America,most-other,pre,0.246916332,0.716542188,0.872800462,0.865419484,0.150501215
2018-11,Japan/Korea,most-other,pre,0.197586723,0.822354735,0.886098325,0.888899413,0.246591973
2018-11,Russia,most-other,pre,0.179827219,0.588328364,0.507217163,0.608559221,0.167982459
2018-11,Western Asia,most-other,pre,0.19186573,0.70887586,0.840762412,0.794646688,0.388891026
2018-11,China,most-other,pre,0.219388754,0.820502357,0.835910865,0.864066753,0.307201729
2018-11,Southern America,most-tropical,pre,0.212956069,0.891111637,0.874675511,0.877315603,0.348313314
2018-11,Africa,most-tropical,pre,0.228931397,0.715331967,0.880863146,0.809052384,0.277385252
2018-12,Oceania,most-tropical,pre,0.182487869,0.911365847,0.969317591,0.988074838,0.202323987
2018-12,South-eastern Asia,most-tropical,pre,0.181443413,0.914625916,0.96452429,0.952016439,0.338315697
2018-12,Europe,most-other,pre,0.231748911,0.700478379,0.706122236,0.707945363,0.16093927
2018-12,Southern Asia,most-tropical,pre,0.187659542,0.979892873,0.920444859,0.95893106,0.366242325
2018-12,Northern America,most-other,pre,0.246916332,0.752309478,0.835446445,0.835526527,0.167428584
2018-12,Japan/Korea,most-other,pre,0.197586723,0.856454756,0.913645351,0.919667116,0.320965638
2018-12,Russia,most-other,pre,0.179827219,0.61172206,0.528291123,0.633529297,0.227072566
2018-12,Western Asia,most-other,pre,0.19186573,0.735983471,0.869805997,0.823483064,0.436767007
2018-12,China,most-other,pre,0.219388754,0.859402556,0.845145455,0.878063617,0.357046046
2018-12,Southern America,most-tropical,pre,0.212956069,0.989692796,0.95839817,0.962586731,0.381076563
2018-12,Africa,most-tropical,pre,0.228931397,0.769794802,0.908920388,0.851058233,0.285050817
2019-01,Oceania,most-tropical,pre,0.201114914,0.971793669,0.950309338,0.986615151,0.161207102
2019-01,South-eastern Asia,most-tropical,pre,0.186721657,0.929695219,0.917639139,0.92190334,0.25591452
2019-01,Europe,most-other,pre,0.188773644,0.689025054,0.683335156,0.6873635,0.179020722
2019-01,Southern Asia,most-tropical,pre,0.160366993,0.9875858,0.919698501,0.960426428,0.377916564
2019-01,Northern America,most-other,pre,0.279740233,0.748909083,0.77303825,0.778790886,0.216191739
2019-01,Japan/Korea,most-other,pre,0.189071034,0.866517785,0.912112028,0.922346181,0.41532342
2019-01,Russia,most-other,pre,0.163022727,0.648049937,0.517385713,0.635109129,0.294443613
2019-01,Western Asia,most-other,pre,0.181016209,0.716761854,0.903657238,0.830213443,0.457172813
2019-01,China,most-other,pre,0.203553189,0.877994648,0.881853369,0.913406198,0.534867875
2019-01,Southern America,most-tropical,pre,0.177941566,1,0.984851908,0.987496998,0.297530283
2019-01,Africa,most-tropical,pre,0.170335212,0.767424245,0.888398235,0.83953575,0.264004461
2019-02,Oceania,most-tropical,pre,0.201114914,0.888157874,0.872454708,0.904866057,0.13170887
2019-02,South-eastern Asia,most-tropical,pre,0.186721657,0.869076524,0.839696566,0.848580629,0.211636109
2019-02,Europe,most-other,pre,0.188773644,0.629098468,0.650517645,0.648904205,0.173665401
2019-02,Southern Asia,most-tropical,pre,0.160366993,0.892649998,0.821448012,0.860654842,0.194708014
2019-02,Northern America,most-other,pre,0.279740233,0.647289041,0.750261071,0.747287936,0.20773538
2019-02,Japan/Korea,most-other,pre,0.189071034,0.817349179,0.823370571,0.845509931,0.478529205
2019-02,Russia,most-other,pre,0.163022727,0.540886174,0.467631333,0.560607233,0.337888286
2019-02,Western Asia,most-other,pre,0.181016209,0.653957104,0.810739008,0.750610501,0.404714108
2019-02,China,most-other,pre,0.203553189,0.867036246,0.831654688,0.867232914,0.657108462
2019-02,Southern America,most-tropical,pre,0.177941566,0.857768996,0.847860375,0.849832023,0.325122936
2019-02,Africa,most-tropical,pre,0.170335212,0.681619803,0.811574401,0.756972813,0.297131555
2019-03,Oceania,most-tropical,pre,0.201114914,0.86869539,0.968909917,0.977983199,0.15067379
2019-03,South-eastern Asia,most-tropical,pre,0.186721657,0.928659153,0.916850867,0.921046933,0.183404901
2019-03,Europe,most-other,pre,0.188773644,0.731325332,0.754363501,0.752857997,0.141814197
2019-03,Southern Asia,most-tropical,pre,0.160366993,0.958512495,0.860400324,0.907768624,0.172812255
2019-03,Northern America,most-other,pre,0.279740233,0.759430403,0.924544023,0.916769387,0.259417823
2019-03,Japan/Korea,most-other,pre,0.189071034,0.902119651,0.915237935,0.937488455,0.515234543
2019-03,Russia,most-other,pre,0.163022727,0.657341172,0.531343606,0.649790281,0.443176379
2019-03,Western Asia,most-other,pre,0.181016209,0.751471212,0.887062538,0.840289323,0.440350436
2019-03,China,most-other,pre,0.203553189,0.889599938,0.857396212,0.893438175,0.785826396
2019-03,Southern America,most-tropical,pre,0.177941566,0.937268475,0.895522127,0.900655539,0.36578886
2019-03,Africa,most-tropical,pre,0.170335212,0.767586459,0.894458907,0.842662937,0.340537135
2019-04,Oceania,most-tropical,pre,0.213799166,0.798913026,0.953804196,0.949867501,0.209559065
2019-04,South-eastern Asia,most-tropical,pre,0.187451735,0.872026228,0.898183622,0.892050611,0.184539719
2019-04,Europe,most-other,pre,0.238555913,0.782318956,0.860587916,0.848315853,0.152393983
2019-04,Southern Asia,most-tropical,pre,0.286475067,0.880077084,0.803979148,0.844068826,0.2109799
2019-04,Northern America,most-other,pre,0.262654358,0.79886856,0.883631421,0.884056967,0.260923573
2019-04,Japan/Korea,most-other,pre,0.185269675,0.878708092,0.889587082,0.911901192,0.525057321
2019-04,Russia,most-other,pre,0.157814489,0.696190284,0.529379352,0.659747443,0.285141291
2019-04,Western Asia,most-other,pre,0.221133123,0.785148544,0.851294102,0.840248282,0.509239618
2019-04,China,most-other,pre,0.224474612,0.879748891,0.862436602,0.896440537,0.891338733
2019-04,Southern America,most-tropical,pre,0.219511609,0.86947419,0.841839542,0.845532939,0.397614526
2019-04,Africa,most-tropical,pre,0.184029499,0.787894803,0.850263008,0.830873604,0.446243285
2019-05,Oceania,most-tropical,pre,0.213799166,0.787904257,0.940894479,0.936966333,0.249338546
2019-05,South-eastern Asia,most-tropical,pre,0.187451735,0.857780096,0.908144215,0.895449038,0.198755842
2019-05,Europe,most-other,pre,0.238555913,0.812588136,0.935792058,0.914713312,0.135595427
2019-05,Southern Asia,most-tropical,pre,0.286475067,0.887865152,0.851939858,0.882447215,0.268919693
2019-05,Northern America,most-other,pre,0.262654358,0.884622551,0.931334752,0.936367905,0.179182697
2019-05,Japan/Korea,most-other,pre,0.185269675,0.913552302,0.930637709,0.951887084,0.478064769
2019-05,Russia,most-other,pre,0.157814489,0.855632754,0.56585207,0.738579182,0.230308955
2019-05,Western Asia,most-other,pre,0.221133123,0.808577849,0.83998569,0.846996353,0.566861005
2019-05,China,most-other,pre,0.224474612,0.919904867,0.890071772,0.926950526,0.941532149
2019-05,Southern America,most-tropical,pre,0.219511609,0.908292952,0.857232163,0.863228653,0.384921989
2019-05,Africa,most-tropical,pre,0.184029499,0.74471051,0.843844984,0.805516894,0.520266663
2019-06,Oceania,most-tropical,pre,0.213799166,0.78381722,0.89298125,0.897498711,0.297746398
2019-06,South-eastern Asia,most-tropical,pre,0.187451735,0.85340051,0.940227154,0.917665839,0.218345737
2019-06,Europe,most-other,pre,0.238555913,0.892791305,0.960836126,0.951061316,0.141641549
2019-06,Southern Asia,most-tropical,pre,0.286475067,0.888880574,0.849597979,0.880947,0.320264813
2019-06,Northern America,most-other,pre,0.262654358,0.941579551,0.936263725,0.946945888,0.191083133
2019-06,Japan/Korea,most-other,pre,0.185269675,0.89682823,0.898642779,0.924552814,0.400693402
2019-06,Russia,most-other,pre,0.157814489,0.967021192,0.610410927,0.809916726,0.179450141
2019-06,Western Asia,most-other,pre,0.221133123,0.857787483,0.911480788,0.908714287,0.607121636
2019-06,China,most-other,pre,0.224474612,0.915727386,0.864816598,0.903919826,1.002914439
2019-06,Southern America,most-tropical,pre,0.219511609,0.922036907,0.838061188,0.84724527,0.412744597
2019-06,Africa,most-tropical,pre,0.184029499,0.847183673,0.844292567,0.858262109,0.56737688
2019-07,Oceania,most-tropical,pre,0.263993152,0.864693346,0.997425431,1,0.305668891
2019-07,South-eastern Asia,most-tropical,pre,0.231690171,0.888499764,0.949032779,0.933620551,0.232967647
2019-07,Europe,most-other,pre,0.212707825,0.979290119,1,1,0.142897836
2019-07,Southern Asia,most-tropical,pre,0.247651176,0.890535271,0.878643982,0.903369774,0.334530049
2019-07,Northern America,most-other,pre,0.213269258,0.986184312,0.970164929,0.982364383,0.188419711
2019-07,Japan/Korea,most-other,pre,0.228314799,0.935051065,0.948034283,0.971304306,0.346817213
2019-07,Russia,most-other,pre,0.148884551,1,0.6561099,0.858749804,0.138554108
2019-07,Western Asia,most-other,pre,0.179163169,0.932093727,0.931386584,0.957955042,0.642631729
2019-07,China,most-other,pre,0.226096574,0.964298775,0.9547109,0.990924249,1.020923285
2019-07,Southern America,most-tropical,pre,0.259551014,0.983521033,0.950060826,0.95445072,0.331228575
2019-07,Africa,most-tropical,pre,0.190704456,0.921462849,0.893957269,0.92127701,0.555725111
2019-08,Oceania,most-tropical,pre,0.263993152,0.838016375,0.955756282,0.960384957,0.30312352
2019-08,South-eastern Asia,most-tropical,pre,0.231690171,0.910179391,0.927705383,0.923947948,0.257350575
2019-08,Europe,most-other,pre,0.212707825,1,0.985734563,0.992775421,0.147475484
2019-08,Southern Asia,most-tropical,pre,0.247651176,0.923525899,0.887847837,0.919169326,0.315517555
2019-08,Northern America,most-other,pre,0.213269258,0.994782914,0.946117924,0.961568843,0.197357137
2019-08,Japan/Korea,most-other,pre,0.228314799,0.987750801,0.962143893,1,0.288539128
2019-08,Russia,most-other,pre,0.148884551,0.996901449,0.653991675,0.85601626,0.123062838
2019-08,Western Asia,most-other,pre,0.179163169,0.964629255,0.942933979,0.980928874,0.657549287
2019-08,China,most-other,pre,0.226096574,1,0.958936872,1,1.047846778
2019-08,Southern America,most-tropical,pre,0.259551014,0.971007406,0.916436653,0.922845676,0.304611521
2019-08,Africa,most-tropical,pre,0.190704456,0.955610332,0.900909322,0.942270322,0.736735736
2019-09,Oceania,most-tropical,pre,0.263993152,0.816742794,0.948787913,0.94991312,0.266880479
2019-09,South-eastern Asia,most-tropical,pre,0.231690171,0.844548981,0.88746849,0.876772449,0.299433911
2019-09,Europe,most-other,pre,0.212707825,0.923383694,0.971769282,0.966031742,0.156140195
2019-09,Southern Asia,most-tropical,pre,0.247651176,0.905294655,0.861117777,0.894059903,0.371116393
2019-09,Northern America,most-other,pre,0.213269258,0.918479846,0.85678995,0.872677114,0.213910437
2019-09,Japan/Korea,most-other,pre,0.228314799,0.926422713,0.890820862,0.930237436,0.251585204
2019-09,Russia,most-other,pre,0.148884551,0.947677934,0.616608528,0.809408746,0.124106956
2019-09,Western Asia,most-other,pre,0.179163169,0.875703208,0.870651492,0.897809893,0.578987241
2019-09,China,most-other,pre,0.226096574,0.913137417,0.884412288,0.920919551,1.074877278
2019-09,Southern America,most-tropical,pre,0.259551014,0.910358539,0.894212489,0.896847452,0.328395923
2019-09,Africa,most-tropical,pre,0.190704456,0.823908062,0.898974492,0.873797369,0.833548349
2019-10,Oceania,most-tropical,pre,0.224416965,0.784280487,1,0.983670566,0.208241421
2019-10,South-eastern Asia,most-tropical,pre,0.233205746,0.868001468,0.941227156,0.922360026,0.33131101
2019-10,Europe,most-other,pre,0.301077891,0.787997246,0.913169972,0.891596393,0.161873844
2019-10,Southern Asia,most-tropical,pre,0.232360903,0.911078809,0.923855496,0.943083684,0.372031931
2019-10,Northern America,most-other,pre,0.235457127,0.774531141,0.940797263,0.933074185,0.232329632
2019-10,Japan/Korea,most-other,pre,0.242709265,0.941407422,0.894609611,0.938248958,0.254802489
2019-10,Russia,most-other,pre,0.197304336,0.768673806,0.562161568,0.709396822,0.148280321
2019-10,Western Asia,most-other,pre,0.225063517,0.815801197,0.86113473,0.861374194,0.514347374
2019-10,China,most-other,pre,0.271100409,0.913694837,0.903710696,0.938125077,1.135390118
2019-10,Southern America,most-tropical,pre,0.281983378,0.843239167,0.930335516,0.922943673,0.314445859
2019-10,Africa,most-tropical,pre,0.277800593,0.743617469,0.925279261,0.845858051,0.913741746
2019-11,Oceania,most-tropical,pre,0.224416965,0.827486614,0.950519668,0.953764202,0.19454656
2019-11,South-eastern Asia,most-tropical,pre,0.233205746,0.89192391,0.942840472,0.930032742,0.329565602
2019-11,Europe,most-other,pre,0.301077891,0.696141553,0.701137275,0.70307103,0.18578154
2019-11,Southern Asia,most-tropical,pre,0.232360903,0.937310478,0.911676366,0.940892299,0.357047295
2019-11,Northern America,most-other,pre,0.235457127,0.70477262,0.87249249,0.863875455,0.251698934
2019-11,Japan/Korea,most-other,pre,0.242709265,0.933803772,0.850060426,0.905947263,0.249637907
2019-11,Russia,most-other,pre,0.197304336,0.590195203,0.539136467,0.636329794,0.172865697
2019-11,Western Asia,most-other,pre,0.225063517,0.724450941,0.830546033,0.797785379,0.483300948
2019-11,China,most-other,pre,0.271100409,0.883273496,0.862154442,0.896716031,1.153485692
2019-11,Southern America,most-tropical,pre,0.281983378,0.867765264,0.89376469,0.89228851,0.35155797
2019-11,Africa,most-tropical,pre,0.277800593,0.743210593,0.910055542,0.838003215,0.94708593
2019-12,Oceania,most-tropical,pre,0.224416965,0.916365254,0.972593162,0.99185305,0.198624914
2019-12,South-eastern Asia,most-tropical,pre,0.233205746,0.96770162,1,0.99230942,0.300499021
2019-12,Europe,most-other,pre,0.301077891,0.703448078,0.715710621,0.71623031,0.216609545
2019-12,Southern Asia,most-tropical,pre,0.232360903,0.967347772,0.938542901,0.969266632,0.424401772
2019-12,Northern America,most-other,pre,0.235457127,0.740748818,0.931128645,0.920707651,0.246590177
2019-12,Japan/Korea,most-other,pre,0.242709265,0.975225147,0.878545197,0.94002426,0.29705036
2019-12,Russia,most-other,pre,0.197304336,0.584384718,0.55787027,0.650560905,0.205956136
2019-12,Western Asia,most-other,pre,0.225063517,0.755049597,0.838373472,0.817877798,0.420591785
2019-12,China,most-other,pre,0.271100409,0.922547572,0.884528749,0.922426788,1.173514408
2019-12,Southern America,most-tropical,pre,0.281983378,0.970562342,0.962231075,0.964184474,0.378339148
2019-12,Africa,most-tropical,pre,0.277800593,0.807337659,0.95202299,0.89194883,1.019159056
2020-01,Oceania,most-tropical,pre,0.298265144,1,0.935456491,0.981124426,0.20451064
2020-01,South-eastern Asia,most-tropical,pre,0.24265952,1,0.998520331,1,0.304906683
2020-01,Europe,most-other,pre,0.317376979,0.69282138,0.673362584,0.680144418,0.228899542
2020-01,Southern Asia,most-tropical,pre,0.222593268,0.984456755,0.943244627,0.977406266,0.489184657
2020-01,Northern America,most-other,pre,0.280981502,0.746203268,0.828659773,0.828739754,0.232137665
2020-01,Japan/Korea,most-other,pre,0.258421641,1,0.882433943,0.951696586,0.210867679
2020-01,Russia,most-other,pre,0.257517761,0.613617805,0.555205534,0.657041787,0.243672244
2020-01,Western Asia,most-other,pre,0.336560518,0.737694918,0.882988719,0.830968805,0.282668155
2020-01,China,most-other,pre,0.280220978,0.98116046,0.917756025,0.960651927,1.281663634
2020-01,Southern America,most-tropical,pre,0.231980647,0.987844254,1,1,0.396225282
2020-01,Africa,most-tropical,pre,0.302628277,0.817794411,0.921376579,0.881915674,1.027801139
2020-02,Oceania,most-tropical,pan,0.298265144,0.738058138,0.825382801,0.832664655,0.306572652
2020-02,South-eastern Asia,most-tropical,pan,0.24265952,0.648409269,0.853897407,0.799022418,0.330039219
2020-02,Europe,most-other,pan,0.317376979,0.60756998,0.616693463,0.617434129,0.26517273
2020-02,Southern Asia,most-tropical,pan,0.222593268,0.845548532,0.880502533,0.892728815,0.596418723
2020-02,Northern America,most-other,pan,0.280981502,0.622252527,0.841813084,0.827289116,0.227370182
2020-02,Japan/Korea,most-other,pan,0.258421641,0.682319205,0.84313336,0.809023235,0.274061375
2020-02,Russia,most-other,pan,0.257517761,0.484776232,0.50808064,0.578291065,0.281257324
2020-02,Western Asia,most-other,pan,0.336560518,0.645113002,0.800321644,0.740732336,0.265755071
2020-02,China,most-other,pan,0.280220978,0.467970652,0.308505346,0.343535837,1.289819297
2020-02,Southern America,most-tropical,pan,0.231980647,0.891471956,0.857614947,0.861933939,0.471261253
2020-02,Africa,most-tropical,pan,0.302628277,0.705712876,0.850684089,0.788964522,1.199834863
2020-03,Oceania,most-tropical,pan,0.298265144,0.483290889,0.701881255,0.675047714,0.362266933
2020-03,South-eastern Asia,most-tropical,pan,0.24265952,0.33906202,0.631395266,0.552698797,0.265506395
2020-03,Europe,most-other,pan,0.317376979,0.408603812,0.420517544,0.419866879,0.368892194
2020-03,Southern Asia,most-tropical,pan,0.222593268,0.55122684,0.692656227,0.671763268,0.735334842
2020-03,Northern America,most-other,pan,0.280981502,0.448944817,0.590256677,0.58143213,0.19758561
2020-03,Japan/Korea,most-other,pan,0.258421641,0.290831555,0.591925411,0.498880809,0.395507045
2020-03,Russia,most-other,pan,0.257517761,0.334189001,0.462755032,0.494563444,0.390821018
2020-03,Western Asia,most-other,pan,0.336560518,0.421564338,0.547641419,0.49635485,0.292735437
2020-03,China,most-other,pan,0.280220978,0.197341519,0.364626561,0.352953615,1.186192965
2020-03,Southern America,most-tropical,pan,0.231980647,0.63541969,0.641957029,0.642080519,0.494047441
2020-03,Africa,most-tropical,pan,0.302628277,0.4553599,0.670120643,0.569961277,1.265265229
2020-04,Oceania,most-tropical,pan,0.220382705,0.037161613,0.05670456,0.054105792,0.437446827
2020-04,South-eastern Asia,most-tropical,pan,0.210579886,0.044385773,0.168235256,0.134787672,0.328787963
2020-04,Europe,most-other,pan,0.256222853,0.038554954,0.055166852,0.052026189,0.238044778
2020-04,Southern Asia,most-tropical,pan,0.256222853,0.070917975,0.157268996,0.13800006,0.8144037
2020-04,Northern America,most-other,pan,0.220382705,0.0302365,0.094505279,0.088613496,0.314913629
2020-04,Japan/Korea,most-other,pan,0.256222853,0.061003448,0.332243584,0.242480345,0.245002145
2020-04,Russia,most-other,pan,0.256222853,0.047839646,0.158566804,0.149503837,0.245114833
2020-04,Western Asia,most-other,pan,0.256222853,0.061221847,0.151237828,0.107877287,0.359992614
2020-04,China,most-other,pan,0.295330608,0.039144538,0.279046735,0.253422063,1.445442606
2020-04,Southern America,most-tropical,pan,0.256222853,0.025382085,0.065345022,0.061524754,0.29925346
2020-04,Africa,most-tropical,pan,0.256222853,0.055301733,0.166296941,0.111868405,1.314988797
2020-05,Oceania,most-tropical,pan,0.220382705,0.027045276,0.058994907,0.053632916,0.492594133
2020-05,South-eastern Asia,most-tropical,pan,0.210579886,0.047472232,0.200791183,0.159376817,0.39478214
2020-05,Europe,most-other,pan,0.256222853,0.046136187,0.097515523,0.087494286,0.272568845
2020-05,Southern Asia,most-tropical,pan,0.256222853,0.065353461,0.189095209,0.16059338,0.892050246
2020-05,Northern America,most-other,pan,0.220382705,0.030037989,0.132233047,0.122669581,0.372076226
2020-05,Japan/Korea,most-other,pan,0.256222853,0.068011681,0.383539265,0.279032387,0.287817218
2020-05,Russia,most-other,pan,0.256222853,0.051656428,0.16796973,0.158662728,0.269339536
2020-05,Western Asia,most-other,pan,0.256222853,0.062316049,0.054637195,0.060235549,0.422389441
2020-05,China,most-other,pan,0.295330608,0.052486338,0.406951597,0.368895136,1.858330354
2020-05,Southern America,most-tropical,pan,0.256222853,0.028670074,0.060707659,0.057654883,0.37593324
2020-05,Africa,most-tropical,pan,0.256222853,0.076679208,0.149026706,0.11415078,1.393998208
2020-06,Oceania,most-tropical,pan,0.220382705,0.031330108,0.111930389,0.097184757,0.506931517
2020-06,South-eastern Asia,most-tropical,pan,0.210579886,0.046991005,0.250553907,0.195550381,0.481692633
2020-06,Europe,most-other,pan,0.256222853,0.06266225,0.074550314,0.072450204,0.303231039
2020-06,Southern Asia,most-tropical,pan,0.256222853,0.094385487,0.207300666,0.182144506,0.97209725
2020-06,Northern America,most-other,pan,0.220382705,0.04727391,0.23444826,0.216848785,0.41197156
2020-06,Japan/Korea,most-other,pan,0.256222853,0.059398418,0.392900439,0.282070884,0.325022317
2020-06,Russia,most-other,pan,0.256222853,0.058434056,0.287509764,0.262601455,0.262766721
2020-06,Western Asia,most-other,pan,0.256222853,0.097760083,0.175711741,0.139420933,0.479326814
2020-06,China,most-other,pan,0.295330608,0.0393442,0.493531423,0.443751735,1.957739449
2020-06,Southern America,most-tropical,pan,0.256222853,0.038488927,0.063734066,0.061347372,0.374885593
2020-06,Africa,most-tropical,pan,0.256222853,0.062222128,0.131129687,0.097752116,1.485155772
2020-07,Oceania,most-tropical,pan,0.296254087,0.04200205,0.215072283,0.182574726,0.363334716
2020-07,South-eastern Asia,most-tropical,pan,0.267653646,0.067969608,0.42180779,0.326184469,0.561013574
2020-07,Europe,most-other,pan,0.406177057,0.147079966,0.283632284,0.257101413,0.306541482
2020-07,Southern Asia,most-tropical,pan,0.41086868,0.157795297,0.275229532,0.25052856,1.060080604
2020-07,Northern America,most-other,pan,0.406177057,0.085242735,0.295304137,0.275900249,0.443329867
2020-07,Japan/Korea,most-other,pan,0.331359345,0.085237558,0.561754443,0.403408986,0.359049809
2020-07,Russia,most-other,pan,0.331359345,0.159548056,0.51795549,0.489333759,0.234204519
2020-07,Western Asia,most-other,pan,0.331359345,0.190483021,0.326518266,0.263745433,0.533416774
2020-07,China,most-other,pan,0.243693147,0.066669277,0.674055893,0.607997324,2.066893254
2020-07,Southern America,most-tropical,pan,0.331359345,0.067329101,0.126282337,0.120682119,0.376929774
2020-07,Africa,most-tropical,pan,0.356383467,0.155719698,0.16779828,0.164089535,1.576161434
2020-08,Oceania,most-tropical,pan,0.296254087,0.045530858,0.170683618,0.147684248,0.590022987
2020-08,South-eastern Asia,most-tropical,pan,0.267653646,0.071665998,0.350183252,0.274934712,0.649960638
2020-08,Europe,most-other,pan,0.406177057,0.196782294,0.42049389,0.37684302,0.316145996
2020-08,Southern Asia,most-tropical,pan,0.41086868,0.18264246,0.291893996,0.26979289,1.150093161
2020-08,Northern America,most-other,pan,0.406177057,0.114855248,0.29012188,0.274404322,0.473590078
2020-08,Japan/Korea,most-other,pan,0.331359345,0.093677063,0.626398153,0.449328435,0.356378391
2020-08,Russia,most-other,pan,0.331359345,0.219407734,0.618723087,0.593161898,0.184128073
2020-08,Western Asia,most-other,pan,0.331359345,0.246643397,0.370931528,0.315621416,0.571127151
2020-08,China,most-other,pan,0.243693147,0.070312597,0.781707052,0.704053534,1.179334786
2020-08,Southern America,most-tropical,pan,0.331359345,0.088796448,0.1527545,0.146697528,0.443598169
2020-08,Africa,most-tropical,pan,0.356383467,0.197488994,0.244887971,0.224216737,1.66875254
2020-09,Oceania,most-tropical,pan,0.296254087,0.043461632,0.215498169,0.183251207,0.589072661
2020-09,South-eastern Asia,most-tropical,pan,0.267653646,0.067564406,0.366957,0.286058229,0.734164628
2020-09,Europe,most-other,pan,0.406177057,0.171091159,0.317557212,0.289156253,0.318151966
2020-09,Southern Asia,most-tropical,pan,0.41086868,0.189515986,0.347860202,0.313984273,1.225436515
2020-09,Northern America,most-other,pan,0.406177057,0.105194868,0.287126569,0.270659815,0.475979044
2020-09,Japan/Korea,most-other,pan,0.331359345,0.087584019,0.556242538,0.400619363,0.328186772
2020-09,Russia,most-other,pan,0.331359345,0.210426836,0.554854024,0.536023732,0.157224594
2020-09,Western Asia,most-other,pan,0.331359345,0.23027178,0.346107307,0.294570042,0.583416728
2020-09,China,most-other,pan,0.243693147,0.066416417,0.787023735,0.708189446,1.165835682
2020-09,Southern America,most-tropical,pan,0.331359345,0.109410857,0.210981335,0.20132491,0.383784903
2020-09,Africa,most-tropical,pan,0.356383467,0.17509165,0.278248275,0.229493087,1.760170183
2020-10,Oceania,most-tropical,pan,0.395726448,0.031206815,0.268700258,0.223232883,0.574010277
2020-10,South-eastern Asia,most-tropical,pan,0.184136013,0.064094253,0.382956688,0.296788489,0.767690867
2020-10,Europe,most-other,pan,0.367460582,0.146615618,0.239671332,0.221786488,0.284347706
2020-10,Southern Asia,most-tropical,pan,0.210625681,0.197844656,0.412056498,0.364793203,1.265461787
2020-10,Northern America,most-other,pan,0.281675796,0.105036033,0.33190687,0.311090335,0.445865966
2020-10,Japan/Korea,most-other,pan,0.266952122,0.085245346,0.610136442,0.435460675,0.308235676
2020-10,Russia,most-other,pan,0.266952122,0.148675026,0.474813106,0.449298842,0.141170846
2020-10,Western Asia,most-other,pan,0.288780344,0.222465262,0.347663195,0.291217442,0.639737853
2020-10,China,most-other,pan,0.266952122,0.056303989,0.818734805,0.734816168,1.073510582
2020-10,Southern America,most-tropical,pan,0.354485639,0.138884486,0.308742165,0.292541328,0.274688966
2020-10,Africa,most-tropical,pan,0.364133878,0.195215519,0.327562146,0.264575642,1.829796814
2020-11,Oceania,most-tropical,pan,0.395726448,0.040061363,0.269857299,0.226189473,0.547617297
2020-11,South-eastern Asia,most-tropical,pan,0.184136013,0.05827133,0.39195662,0.301773245,0.822768573
2020-11,Europe,most-other,pan,0.367460582,0.099380277,0.113140556,0.110822597,0.270629964
2020-11,Southern Asia,most-tropical,pan,0.210625681,0.193747206,0.433389564,0.379839041,1.313375787
2020-11,Northern America,most-other,pan,0.281675796,0.10128007,0.320647162,0.300516089,0.419853896
2020-11,Japan/Korea,most-other,pan,0.266952122,0.071981667,0.6136234,0.432900567,0.312771068
2020-11,Russia,most-other,pan,0.266952122,0.086232688,0.363087225,0.335355353,0.163357996
2020-11,Western Asia,most-other,pan,0.288780344,0.16938765,0.319058467,0.248863296,0.650999647
2020-11,China,most-other,pan,0.266952122,0.042648762,0.727542601,0.651869357,0.693857344
2020-11,Southern America,most-tropical,pan,0.354485639,0.170366392,0.341356637,0.325084004,0.110586602
2020-11,Africa,most-tropical,pan,0.364133878,0.166506445,0.328173787,0.25016863,1.808908888
2020-12,Oceania,most-tropical,pan,0.395726448,0.059208007,0.430893635,0.360078061,0.526857782
2020-12,South-eastern Asia,most-tropical,pan,0.184136013,0.067206591,0.456571856,0.351339295,0.862870901
2020-12,Europe,most-other,pan,0.367460582,0.128270013,0.138910617,0.137334381,0.257741256
2020-12,Southern Asia,most-tropical,pan,0.210625681,0.236228942,0.501748011,0.442943671,1.374404019
2020-12,Northern America,most-other,pan,0.281675796,0.130506096,0.338407547,0.319701429,0.396741868
2020-12,Japan/Korea,most-other,pan,0.266952122,0.075287122,0.553448457,0.394253582,0.339545206
2020-12,Russia,most-other,pan,0.266952122,0.107792867,0.417853265,0.388499403,0.226846075
2020-12,Western Asia,most-other,pan,0.288780344,0.200258704,0.288800747,0.25008868,0.482354326
2020-12,China,most-other,pan,0.266952122,0.044352686,0.726507285,0.651204991,0.289941209
2020-12,Southern America,most-tropical,pan,0.354485639,0.281773941,0.437208154,0.422566402,0.059973089
2020-12,Africa,most-tropical,pan,0.364133878,0.223472989,0.437838829,0.334446227,1.710729422
2021-01,Oceania,most-tropical,pan,0.285057677,0.048496191,0.389154327,0.324059715,0.414526783
2021-01,South-eastern Asia,most-tropical,pan,0.221989309,0.059157875,0.346559443,0.26889461,0.98517153
2021-01,Europe,most-other,pan,0.261117478,0.121073898,0.098057973,0.10314306,0.262532244
2021-01,Southern Asia,most-tropical,pan,0.248159344,0.249168071,0.508580224,0.451578805,1.400157494
2021-01,Northern America,most-other,pan,0.309620937,0.125916828,0.2982467,0.282932737,0.425871629
2021-01,Japan/Korea,most-other,pan,0.215971143,0.06582681,0.37322281,0.27139644,0.386431922
2021-01,Russia,most-other,pan,0.293486488,0.122080806,0.529525849,0.487979668,0.307216602
2021-01,Western Asia,most-other,pan,0.252968094,0.203659475,0.340984563,0.277936319,0.575880076
2021-01,China,most-other,pan,0.266166315,0.041473932,0.611154219,0.548429389,0.221360104
2021-01,Southern America,most-tropical,pan,0.349986219,0.249238513,0.528021691,0.501456903,0.116749394
2021-01,Africa,most-tropical,pan,0.316977978,0.230887447,0.438474238,0.338565489,1.698302675
2021-02,Oceania,most-tropical,pan,0.285057677,0.041399225,0.369696753,0.306787768,0.395679614
2021-02,South-eastern Asia,most-tropical,pan,0.221989309,0.047758968,0.311107705,0.239935734,1.073215605
2021-02,Europe,most-other,pan,0.261117478,0.093361456,0.058142437,0.065537218,0.258061368
2021-02,Southern Asia,most-tropical,pan,0.248159344,0.240264142,0.588510575,0.509679131,1.453219596
2021-02,Northern America,most-other,pan,0.309620937,0.095042797,0.31457973,0.29436487,0.418082062
2021-02,Japan/Korea,most-other,pan,0.215971143,0.050066275,0.398702714,0.282487979,0.57480727
2021-02,Russia,most-other,pan,0.293486488,0.10375367,0.466601901,0.428848892,0.387400693
2021-02,Western Asia,most-other,pan,0.252968094,0.170794931,0.344040122,0.262077868,0.631754039
2021-02,China,most-other,pan,0.266166315,0.02897684,0.478995504,0.42930814,0.198225976
2021-02,Southern America,most-tropical,pan,0.349986219,0.166847334,0.417995591,0.393995698,0.200612066
2021-02,Africa,most-tropical,pan,0.316977978,0.181985868,0.417661197,0.303048432,1.660304801
2021-03,Oceania,most-tropical,pan,0.285057677,0.048019282,0.533551575,0.440076707,0.446757352
2021-03,South-eastern Asia,most-tropical,pan,0.221989309,0.061873636,0.469978431,0.359671947,1.207966961
2021-03,Europe,most-other,pan,0.261117478,0.112776255,0.06926063,0.078386572,0.264983885
2021-03,Southern Asia,most-tropical,pan,0.248159344,0.285113799,0.66926181,0.582795738,1.496336807
2021-03,Northern America,most-other,pan,0.309620937,0.120863365,0.476298923,0.44321408,0.365825532
2021-03,Japan/Korea,most-other,pan,0.215971143,0.062027499,0.509730274,0.360425698,0.459563712
2021-03,Russia,most-other,pan,0.293486488,0.153684577,0.570922809,0.532733527,0.458959121
2021-03,Western Asia,most-other,pan,0.252968094,0.211012731,0.345378692,0.28401926,0.636275704
2021-03,China,most-other,pan,0.266166315,0.040193283,0.901630693,0.805961339,0.206453147
2021-03,Southern America,most-tropical,pan,0.349986219,0.195141238,0.374677254,0.357610624,0.275811561
2021-03,Africa,most-tropical,pan,0.316977978,0.201013809,0.422878444,0.31542122,1.781503888
2021-04,Oceania,most-tropical,pan,0.272754785,0.054616254,0.673086147,0.553801706,0.511699027
2021-04,South-eastern Asia,most-tropical,pan,0.252433121,0.057787917,0.465310785,0.355157274,1.179611958
2021-04,Europe,most-other,pan,0.272777025,0.122790665,0.094624264,0.100740585,0.352054638
2021-04,Southern Asia,most-tropical,pan,0.243895311,0.269380493,0.599867181,0.526070186,1.546477732
2021-04,Northern America,most-other,pan,0.261400851,0.133746835,0.528019727,0.491316319,0.333245008
2021-04,Japan/Korea,most-other,pan,0.273830131,0.060366984,0.506031631,0.357365994,0.534819539
2021-04,Russia,most-other,pan,0.347238169,0.177427954,0.602642035,0.566883529,0.536050422
2021-04,Western Asia,most-other,pan,0.218090172,0.221276591,0.383634728,0.308544746,0.635667318
2021-04,China,most-other,pan,0.273830131,0.041192171,0.936066166,0.836662972,0.236262277
2021-04,Southern America,most-tropical,pan,0.273830131,0.202737207,0.308533895,0.298580928,0.356687758
2021-04,Africa,most-tropical,pan,0.342631735,0.194879341,0.418954939,0.310306502,1.983507127
2021-05,Oceania,most-tropical,pan,0.272754785,0.056992402,0.664985069,0.547830421,0.548012802
2021-05,South-eastern Asia,most-tropical,pan,0.252433121,0.052983807,0.281899473,0.220045678,1.226713849
2021-05,Europe,most-other,pan,0.272777025,0.141273239,0.148676188,0.147798335,0.364048285
2021-05,Southern Asia,most-tropical,pan,0.243895311,0.19767093,0.347635685,0.315998255,1.581396326
2021-05,Northern America,most-other,pan,0.261400851,0.15921553,0.623728318,0.580503908,0.284541183
2021-05,Japan/Korea,most-other,pan,0.273830131,0.059968201,0.457619237,0.325150613,0.593310849
2021-05,Russia,most-other,pan,0.347238169,0.226532634,0.741070688,0.699598088,0.596126193
2021-05,Western Asia,most-other,pan,0.218090172,0.207096314,0.332802482,0.275669954,0.638635201
2021-05,China,most-other,pan,0.273830131,0.038551883,0.993570476,0.887289321,0.273100665
2021-05,Southern America,most-tropical,pan,0.273830131,0.271416744,0.352544427,0.345049703,0.435450511
2021-05,Africa,most-tropical,pan,0.342631735,0.202460548,0.45801562,0.333810796,2.174749204
2021-06,Oceania,most-tropical,pan,0.272754785,0.062760949,0.58040942,0.48113355,0.542488847
2021-06,South-eastern Asia,most-tropical,pan,0.252433121,0.051101452,0.288654708,0.224462817,1.298221647
2021-06,Europe,most-other,pan,0.272777025,0.2196543,0.27516876,0.265054954,0.371336035
2021-06,Southern Asia,most-tropical,pan,0.243895311,0.198636464,0.375875412,0.337626348,1.557841588
2021-06,Northern America,most-other,pan,0.261400851,0.210706177,0.720105468,0.673094117,0.239582076
2021-06,Japan/Korea,most-other,pan,0.273830131,0.063610951,0.429450645,0.307828869,0.641958685
2021-06,Russia,most-other,pan,0.347238169,0.343602685,0.881809184,0.854631157,0.658979756
2021-06,Western Asia,most-other,pan,0.218090172,0.271068345,0.551626467,0.418739199,0.658266717
2021-06,China,most-other,pan,0.273830131,0.035445371,0.809588505,0.723589274,0.307209556
2021-06,Southern America,most-tropical,pan,0.273830131,0.356639264,0.437019295,0.429697647,0.516045045
2021-06,Africa,most-tropical,pan,0.342631735,0.300979553,0.471406099,0.391030122,2.301018607
2021-07,Oceania,most-tropical,pan,0.312779298,0.068723092,0.428664193,0.360462341,0.527898539
2021-07,South-eastern Asia,most-tropical,pan,0.316666547,0.058847101,0.168025366,0.138561272,0.193268534
2021-07,Europe,most-other,pan,0.312582705,0.345868555,0.48021819,0.454961084,0.360524582
2021-07,Southern Asia,most-tropical,pan,0.287972081,0.257218162,0.475278013,0.428534203,1.510309528
2021-07,Northern America,most-other,pan,0.333605707,0.286987629,0.817706864,0.769456451,0.209913263
2021-07,Japan/Korea,most-other,pan,0.313227082,0.076232002,0.546149638,0.389765678,0.656797155
2021-07,Russia,most-other,pan,0.31877815,0.442130011,0.962955109,0.953308945,0.717801836
2021-07,Western Asia,most-other,pan,0.2508433,0.409861429,0.565784452,0.499221123,0.684077472
2021-07,China,most-other,pan,0.245907321,0.037336062,0.970355361,0.8665105,0.347914126
2021-07,Southern America,most-tropical,pan,0.313227082,0.447766508,0.585727553,0.572966112,0.592542012
2021-07,Africa,most-tropical,pan,0.377290672,0.471914019,0.469961339,0.477913251,2.299754561
2021-08,Oceania,most-tropical,post,0.312779298,0.064299228,0.261163893,0.224744192,0.417338727
2021-08,South-eastern Asia,most-tropical,post,0.316666547,0.056760133,0.126462059,0.107672217,0.165109496
2021-08,Europe,most-other,post,0.312582705,0.405035106,0.574138945,0.542220792,0.286871486
2021-08,Southern Asia,most-tropical,post,0.287972081,0.301855905,0.539514072,0.489096719,1.491552414
2021-08,Northern America,most-other,post,0.333605707,0.335919257,0.767374757,0.729256961,0.151645979
2021-08,Japan/Korea,most-other,post,0.313227082,0.069373352,0.520035938,0.369949411,0.45741896
2021-08,Russia,most-other,post,0.31877815,0.506773212,0.995020769,1,0.75536051
2021-08,Western Asia,most-other,post,0.2508433,0.477113236,0.571453157,0.537623648,0.619452276
2021-08,China,most-other,post,0.245907321,0.036742716,0.450276226,0.404985778,0.360384129
2021-08,Southern America,most-tropical,post,0.313227082,0.447436063,0.585919965,0.573107755,0.643876581
2021-08,Africa,most-tropical,post,0.377290672,0.485836843,0.513122202,0.506727171,2.17268563
2021-09,Oceania,most-tropical,post,0.312779298,0.058262059,0.210966288,0.18299322,0.360156813
2021-09,South-eastern Asia,most-tropical,post,0.316666547,0.058239586,0.174054745,0.142795025,0.190972054
2021-09,Europe,most-other,post,0.312582705,0.363888449,0.516138075,0.487397865,0.236034311
2021-09,Southern Asia,most-tropical,post,0.287972081,0.327233957,0.594821337,0.537744944,1.423024753
2021-09,Northern America,most-other,post,0.333605707,0.292636622,0.676319277,0.642356325,0.172514706
2021-09,Japan/Korea,most-other,post,0.313227082,0.064103184,0.504692008,0.3578504,0.177356339
2021-09,Russia,most-other,post,0.31877815,0.462981193,0.845998596,0.859844976,0.816509614
2021-09,Western Asia,most-other,post,0.2508433,0.449864289,0.539071033,0.507046001,0.542844595
2021-09,China,most-other,post,0.245907321,0.034868838,0.661259557,0.591899546,0.399159368
2021-09,Southern America,most-tropical,post,0.313227082,0.396592026,0.621937047,0.600695636,0.631028646
2021-09,Africa,most-tropical,post,0.377290672,0.426794284,0.536835279,0.488376365,1.967387542
2021-10,Oceania,most-tropical,post,0.243911242,0.058694372,0.230497605,0.198799476,0.286354758
2021-10,South-eastern Asia,most-tropical,post,0.231388753,0.063187466,0.266067293,0.211265991,0.249891974
2021-10,Europe,most-other,post,0.251267201,0.370053349,0.520245982,0.491940664,0.244936259
2021-10,Southern Asia,most-tropical,post,0.241975191,0.412555696,0.713516278,0.650412601,1.223869359
2021-10,Northern America,most-other,post,0.289328919,0.299731279,0.764896,0.7231259,0.24265315
2021-10,Japan/Korea,most-other,post,0.272134627,0.064147313,0.613415402,0.429886313,0.112500234
2021-10,Russia,most-other,post,0.256573398,0.395151519,0.744166599,0.752723146,0.900937696
2021-10,Western Asia,most-other,post,0.257545959,0.506498686,0.543526158,0.539226658,0.590855873
2021-10,China,most-other,post,0.352499562,0.033027315,0.70696606,0.63217755,0.478304612
2021-10,Southern America,most-tropical,post,0.240430964,0.467085352,0.681748648,0.66161998,0.664871998
2021-10,Africa,most-tropical,post,0.327675149,0.449364767,0.628599727,0.546034208,1.379581572
2021-11,Oceania,most-tropical,post,0.243911242,0.078625895,0.280946591,0.243931895,0.211530125
2021-11,South-eastern Asia,most-tropical,post,0.231388753,0.077280627,0.330606202,0.262176895,0.184312387
2021-11,Europe,most-other,post,0.251267201,0.341205441,0.454395911,0.433326056,0.264333323
2021-11,Southern Asia,most-tropical,post,0.241975191,0.45173731,0.766821797,0.701242634,1.240640594
2021-11,Northern America,most-other,post,0.289328919,0.323318709,0.749973104,0.712183768,0.313171333
2021-11,Japan/Korea,most-other,post,0.272134627,0.070656013,0.663670912,0.465565924,0.07471858
2021-11,Russia,most-other,post,0.256573398,0.312914268,0.61206583,0.615483053,0.965780629
2021-11,Western Asia,most-other,post,0.257545959,0.476459713,0.637175114,0.570084654,0.565234206
2021-11,China,most-other,post,0.352499562,0.034560938,0.445813303,0.400700583,0.56379904
2021-11,Southern America,most-tropical,post,0.240430964,0.537717685,0.728082599,0.71037878,0.800962936
2021-11,Africa,most-tropical,post,0.327675149,0.464737627,0.628417371,0.553821645,1.164708972
2021-12,Oceania,most-tropical,post,0.243911242,0.128403285,0.481350981,0.416489653,0.165043756
2021-12,South-eastern Asia,most-tropical,post,0.231388753,0.108051132,0.423941399,0.338624483,0.269381384
2021-12,Europe,most-other,post,0.251267201,0.35058203,0.473009877,0.450142874,0.242930657
2021-12,Southern Asia,most-tropical,post,0.241975191,0.543926616,0.810592311,0.759052707,1.326891977
2021-12,Northern America,most-other,post,0.289328919,0.382387224,0.764080581,0.731279292,0.354622561
2021-12,Japan/Korea,most-other,post,0.272134627,0.084073819,0.708772692,0.500368398,0.04901958
2021-12,Russia,most-other,post,0.256573398,0.316593345,0.625868764,0.628351779,0.916435703
2021-12,Western Asia,most-other,post,0.257545959,0.527333402,0.633894126,0.595356518,0.546625022
2021-12,China,most-other,post,0.352499562,0.039611683,0.544292624,0.488829125,0.645469121
2021-12,Southern America,most-tropical,post,0.240430964,0.668398353,0.806760895,0.794222351,0.890490602
2021-12,Africa,most-tropical,post,0.327675149,0.422195803,0.701460303,0.568704465,0.510715284
2022-01,Oceania,most-tropical,post,0.214019175,0.148609201,0.48210811,0.42172203,0.216863255
2022-01,South-eastern Asia,most-tropical,post,0.230045209,0.104526346,0.418617544,0.333783388,0.267715344
2022-01,Europe,most-other,post,0.21037008,0.311205901,0.350211225,0.343764699,0.237876254
2022-01,Southern Asia,most-tropical,post,0.1746696,0.540461377,0.744762294,0.708309926,1.40266746
2022-01,Northern America,most-other,post,0.230370258,0.350047008,0.604938734,0.58405685,0.377480929
2022-01,Japan/Korea,most-other,post,0.234037983,0.076946826,0.567804194,0.404372378,0.14767646
2022-01,Russia,most-other,post,0.218882483,0.316396223,0.60800577,0.613064322,1.067405237
2022-01,Western Asia,most-other,post,0.239491726,0.460590217,0.596910999,0.541591685,0.56953426
2022-01,China,most-other,post,0.390096343,0.042606158,0.535924922,0.481851693,0.729401128
2022-01,Southern America,most-tropical,post,0.175884675,0.614904049,0.810542276,0.792421894,1.001253077
2022-01,Africa,most-tropical,post,0.226725814,0.364256384,0.656821448,0.516588448,0.300250339
2022-02,Oceania,most-tropical,post,0.214019175,0.13551599,0.415058251,0.364803708,0.233497567
2022-02,South-eastern Asia,most-tropical,post,0.230045209,0.101832668,0.447988235,0.354479257,0.325584437
2022-02,Europe,most-other,post,0.21037008,0.295828776,0.380822096,0.365167597,0.27577312
2022-02,Southern Asia,most-tropical,post,0.1746696,0.511288295,0.669561088,0.643591285,1.421706701
2022-02,Northern America,most-other,post,0.230370258,0.288075536,0.636931575,0.606289004,0.35404061
2022-02,Japan/Korea,most-other,post,0.234037983,0.06874273,0.434511573,0.313065482,0.153850779
2022-02,Russia,most-other,post,0.218882483,0.250055202,0.518120458,0.516572912,1.019816368
2022-02,Western Asia,most-other,post,0.239491726,0.452336624,0.524627068,0.501143692,0.540304279
2022-02,China,most-other,post,0.390096343,0.036510007,0.556523323,0.499217977,0.814705418
2022-02,Southern America,most-tropical,post,0.175884675,0.539470507,0.684424778,0.671098276,1.073411882
2022-02,Africa,most-tropical,post,0.226725814,0.410548722,0.640547759,0.532140927,0.359459288
2022-03,Oceania,most-tropical,post,0.214019175,0.193515199,0.543256926,0.481174007,0.328847465
2022-03,South-eastern Asia,most-tropical,post,0.230045209,0.138922851,0.513904415,0.41263939,0.345978476
2022-03,Europe,most-other,post,0.21037008,0.37566479,0.510286188,0.485100331,0.317682289
2022-03,Southern Asia,most-tropical,post,0.1746696,0.642017291,0.928863608,0.874819279,1.456151921
2022-03,Northern America,most-other,post,0.230370258,0.389732653,0.822540945,0.784873375,0.34472369
2022-03,Japan/Korea,most-other,post,0.234037983,0.086955182,0.601616522,0.430444762,0.139886706
2022-03,Russia,most-other,post,0.218882483,0.167330164,0.525315062,0.497937912,0.913965108
2022-03,Western Asia,most-other,post,0.239491726,0.581082885,0.639278296,0.626474953,0.47969302
2022-03,China,most-other,post,0.390096343,0.041155555,0.344113391,0.311451976,0.892930947
2022-03,Southern America,most-tropical,post,0.175884675,0.650920735,0.762029411,0.752096009,1.131227663
2022-03,Africa,most-tropical,post,0.226725814,0.547238623,0.787783291,0.676149256,0.408106669
2022-04,Oceania,most-tropical,post,0.179105467,0.266854702,0.706980237,0.629623814,0.409235404
2022-04,South-eastern Asia,most-tropical,post,0.19546137,0.180887879,0.551051746,0.451134985,0.351770084
2022-04,Europe,most-other,post,0.195840073,0.471470073,0.67094109,0.633264678,0.393413366
2022-04,Southern Asia,most-tropical,post,0.170534745,0.660292905,0.916101157,0.870055868,1.465758602
2022-04,Northern America,most-other,post,0.198941311,0.488148073,0.816757065,0.79023401,0.337796571
2022-04,Japan/Korea,most-other,post,0.21838744,0.111509876,0.618958062,0.450947549,0.119655828
2022-04,Russia,most-other,post,0.192839887,0.133622285,0.523471785,0.486274103,0.151734249
2022-04,Western Asia,most-other,post,0.230831244,0.624437027,0.581240011,0.620435936,0.463759643
2022-04,China,most-other,post,0.412535655,0.053153952,0.202655379,0.187734495,0.977405264
2022-04,Southern America,most-tropical,post,0.16229227,0.646109161,0.706512728,0.701458972,1.259086503
2022-04,Africa,most-tropical,post,0.205805183,0.573105337,0.712993774,0.651842724,0.512186979
2022-05,Oceania,most-tropical,post,0.179105467,0.304894582,0.717502129,0.646789876,0.478325053
2022-05,South-eastern Asia,most-tropical,post,0.19546137,0.21340916,0.666563784,0.544237007,0.277035708
2022-05,Europe,most-other,post,0.195840073,0.552225096,0.778839823,0.736106251,0.461023412
2022-05,Southern Asia,most-tropical,post,0.170534745,0.719903932,0.960601545,0.919693852,1.452871905
2022-05,Northern America,most-other,post,0.198941311,0.587163948,0.875064005,0.853548968,0.237854331
2022-05,Japan/Korea,most-other,post,0.21838744,0.128903833,0.723369879,0.526497609,0.118937762
2022-05,Russia,most-other,post,0.192839887,0.197140967,0.672076179,0.631979275,0.149915083
2022-05,Western Asia,most-other,post,0.230831244,0.701793009,0.736579878,0.738895008,0.444596913
2022-05,China,most-other,post,0.412535655,0.05143172,0.275026889,0.251688617,1.059594165
2022-05,Southern America,most-tropical,post,0.16229227,0.702573814,0.741707255,0.738769784,1.279421595
2022-05,Africa,most-tropical,post,0.205805183,0.644609141,0.765242596,0.714733074,0.61108433
2022-06,Oceania,most-tropical,post,0.179105467,0.346878794,0.780501524,0.707061554,0.501905569
2022-06,South-eastern Asia,most-tropical,post,0.19546137,0.241924773,0.679064964,0.561100125,0.268012231
2022-06,Europe,most-other,post,0.195840073,0.615807703,0.851462859,0.807199212,0.497490111
2022-06,Southern Asia,most-tropical,post,0.170534745,0.751934766,0.905612854,0.886660681,1.445141849
2022-06,Northern America,most-other,post,0.198941311,0.665722591,0.877174142,0.863904177,0.295118564
2022-06,Japan/Korea,most-other,post,0.21838744,0.151730683,0.703482273,0.521704957,0.146232223
2022-06,Russia,most-other,post,0.192839887,0.273038194,0.833122305,0.791997416,0.141185421
2022-06,Western Asia,most-other,post,0.230831244,0.759802603,0.718742268,0.760675123,0.456698723
2022-06,China,most-other,post,0.412535655,0.063565183,0.427162199,0.388479697,1.142548986
2022-06,Southern America,most-tropical,post,0.16229227,0.728702753,0.702232748,0.705647036,1.240874981
2022-06,Africa,most-tropical,post,0.205805183,0.696287742,0.747236205,0.732175895,0.679037527
2022-07,Oceania,most-tropical,post,0.188729096,0.420647987,0.861160012,0.788807887,0.250050471
2022-07,South-eastern Asia,most-tropical,post,0.212354389,0.311860467,0.722837009,0.612023709,0.284563347
2022-07,Europe,most-other,post,0.225520783,0.721917821,0.917939949,0.882002279,0.532393294
2022-07,Southern Asia,most-tropical,post,0.183768155,0.833743365,0.871126189,0.882472162,1.148135346
2022-07,Northern America,most-other,post,0.231189087,0.73954298,0.896896354,0.889657799,0.343996252
2022-07,Japan/Korea,most-other,post,0.21465674,0.207784871,0.810430714,0.613129857,0.206094378
2022-07,Russia,most-other,post,0.228747768,0.334508572,0.98375398,0.938817594,0.12682726
2022-07,Western Asia,most-other,post,0.228642921,0.883292584,0.842557061,0.887800287,0.513596013
2022-07,China,most-other,post,0.393598797,0.077589221,0.63201476,0.572325807,1.220188395
2022-07,Southern America,most-tropical,post,0.197762666,0.811010406,0.831513854,0.830499914,1.017314772
2022-07,Africa,most-tropical,post,0.211255051,0.86455917,0.796662813,0.843244914,0.766920837
2022-08,Oceania,most-tropical,post,0.188729096,0.414647544,0.784195218,0.725538802,0.207896353
2022-08,South-eastern Asia,most-tropical,post,0.212354389,0.333212988,0.664312667,0.575125375,0.324780019
2022-08,Europe,most-other,post,0.225520783,0.727116366,0.901258546,0.869692897,0.576852003
2022-08,Southern Asia,most-tropical,post,0.183768155,0.813816807,0.88530058,0.887861894,0.728317625
2022-08,Northern America,most-other,post,0.231189087,0.736341506,0.869816619,0.864853822,0.380203227
2022-08,Japan/Korea,most-other,post,0.21465674,0.233100953,0.876747942,0.666354293,0.215896143
2022-08,Russia,most-other,post,0.228747768,0.34720468,1,0.95646885,0.135558657
2022-08,Western Asia,most-other,post,0.228642921,0.891772755,0.865259101,0.903618142,0.557034137
2022-08,China,most-other,post,0.393598797,0.086169292,0.588018682,0.534570693,1.295799609
2022-08,Southern America,most-tropical,post,0.197762666,0.78865415,0.82004508,0.817955643,0.851618139
2022-08,Africa,most-tropical,post,0.211255051,0.849552169,0.814897623,0.844712057,0.781495631
2022-09,Oceania,most-tropical,post,0.188729096,0.410752529,0.813194685,0.747969295,0.128937546
2022-09,South-eastern Asia,most-tropical,post,0.212354389,0.320782156,0.62950391,0.546355382,0.403190225
2022-09,Europe,most-other,post,0.225520783,0.683611978,0.875562276,0.840273104,0.653789658
2022-09,Southern Asia,most-tropical,post,0.183768155,0.793385186,0.866368686,0.868064231,0.544271971
2022-09,Northern America,most-other,post,0.231189087,0.686932412,0.819004448,0.813643852,0.389095803
2022-09,Japan/Korea,most-other,post,0.21465674,0.216410302,0.770997401,0.590175672,0.248862889
2022-09,Russia,most-other,post,0.228747768,0.333908775,0.915239712,0.880228694,0.150292703
2022-09,Western Asia,most-other,post,0.228642921,0.856982453,0.790318694,0.847807508,0.570976453
2022-09,China,most-other,post,0.393598797,0.090462263,0.387554521,0.357350883,1.359506645
2022-09,Southern America,most-tropical,post,0.197762666,0.73084333,0.787041047,0.782492978,0.696138045
2022-09,Africa,most-tropical,post,0.211255051,0.759085968,0.792548959,0.787120663,0.860160223
2022-10,Oceania,most-tropical,post,0.241171056,0.442012334,0.842968898,0.779066914,0.115382204
2022-10,South-eastern Asia,most-tropical,post,0.206715392,0.363064629,0.674217951,0.590457442,0.430397194
2022-10,Europe,most-other,post,0.247682058,0.653337408,0.799712825,0.773357543,0.73610076
2022-10,Southern Asia,most-tropical,post,0.170887971,0.805615285,0.864562163,0.869972398,0.450874216
2022-10,Northern America,most-other,post,0.239900036,0.659495715,0.869510423,0.856312238,0.398690343
2022-10,Japan/Korea,most-other,post,0.207487652,0.257638451,0.877370857,0.675776144,0.287081909
2022-10,Russia,most-other,post,0.255254141,0.333028751,0.688875901,0.686987077,0.18087302
2022-10,Western Asia,most-other,post,0.237140515,0.841197885,0.755917604,0.82228613,0.510785997
2022-10,China,most-other,post,0.379534646,0.115383331,0.334021111,0.313571769,1.400347271
2022-10,Southern America,most-tropical,post,0.217287067,0.763064165,0.822294667,0.817492596,0.744575343
2022-10,Africa,most-tropical,post,0.210481367,0.742997674,0.863562834,0.81454255,0.761974161
2022-11,Oceania,most-tropical,post,0.241171056,0.49115542,0.815110349,0.767907551,0.142402777
2022-11,South-eastern Asia,most-tropical,post,0.206715392,0.409484923,0.672849926,0.602064034,0.456617768
2022-11,Europe,most-other,post,0.247682058,0.535862819,0.59106318,0.582341356,0.81621694
2022-11,Southern Asia,most-tropical,post,0.170887971,0.816364634,0.849085747,0.86113976,0.298005046
2022-11,Northern America,most-other,post,0.239900036,0.551134943,0.820983251,0.800825736,0.361278779
2022-11,Japan/Korea,most-other,post,0.207487652,0.307912391,0.86043731,0.683017811,0.293672001
2022-11,Russia,most-other,post,0.255254141,0.263028325,0.535699481,0.535443511,0.226250663
2022-11,Western Asia,most-other,post,0.237140515,0.717207461,0.774978127,0.766215889,0.467866681
2022-11,China,most-other,post,0.379534646,0.137644076,0.295929329,0.283096224,1.281992374
2022-11,Southern America,most-tropical,post,0.217287067,0.778684707,0.824094547,0.820642593,0.747681669
2022-11,Africa,most-tropical,post,0.210481367,0.705310328,0.845778973,0.78629455,0.220231907
2022-12,Oceania,most-tropical,post,0.241171056,0.585318878,0.856806964,0.822986828,0.158538601
2022-12,South-eastern Asia,most-tropical,post,0.206715392,0.48395789,0.73692338,0.669030463,0.435537673
2022-12,Europe,most-other,post,0.247682058,0.552203476,0.606337483,0.597896378,0.8717814
2022-12,Southern Asia,most-tropical,post,0.170887971,0.879739125,0.955147915,0.958370534,0.330813083
2022-12,Northern America,most-other,post,0.239900036,0.602654867,0.841926694,0.825283942,0.376492262
2022-12,Japan/Korea,most-other,post,0.207487652,0.375101197,0.920191491,0.747268857,0.273334294
2022-12,Russia,most-other,post,0.255254141,0.270936896,0.514469718,0.519712743,0.274703166
2022-12,Western Asia,most-other,post,0.237140515,0.74151131,0.849150144,0.816096152,0.422678556
2022-12,China,most-other,post,0.379534646,0.184126725,0.411922632,0.392945165,0.45096228
2022-12,Southern America,most-tropical,post,0.217287067,0.855510751,0.921038943,0.915739704,0.876281948
2022-12,Africa,most-tropical,post,0.210481367,0.781484961,1,0.902795633,0.263245913
2023-01,Oceania,most-tropical,post,0.232072888,0.60399281,0.826262785,0.802695746,0.182729454
2023-01,South-eastern Asia,most-tropical,post,0.203038249,0.523756589,0.750018268,0.689390446,0.435310391
2023-01,Europe,most-other,post,0.259009315,0.527872411,0.544042936,0.543047415,0.867380567
2023-01,Southern Asia,most-tropical,post,0.205872628,0.89403318,0.960863559,0.966523587,0.317983589
2023-01,Northern America,most-other,post,0.233854105,0.5771781,0.742243817,0.732505728,0.279904178
2023-01,Japan/Korea,most-other,post,0.213103721,0.409698317,0.90528487,0.750097259,0.400060096
2023-01,Russia,most-other,post,0.239969772,0.292997308,0.49728239,0.511665371,0.281379347
2023-01,Western Asia,most-other,post,0.218862878,0.714971246,0.840287335,0.797633697,0.405368998
2023-01,China,most-other,post,0.230768563,0.22502182,0.717851672,0.670479512,0.271590988
2023-01,Southern America,most-tropical,post,0.205268398,0.83767891,0.943959777,0.934712946,0.987068969
2023-01,Africa,most-tropical,post,0.252272353,0.749146571,0.948322225,0.860265487,0.31790854
2023-02,Oceania,most-tropical,post,0.232072888,0.549552315,0.758364588,0.735634163,0.189858311
2023-02,South-eastern Asia,most-tropical,post,0.203038249,0.498280163,0.669985623,0.624085207,0.289563187
2023-02,Europe,most-other,post,0.259009315,0.49350461,0.555278587,0.5450717,0.805278434
2023-02,Southern Asia,most-tropical,post,0.205872628,0.81220957,0.890158546,0.891107592,0.336431381
2023-02,Northern America,most-other,post,0.233854105,0.496661442,0.728460212,0.711395921,0.286090356
2023-02,Japan/Korea,most-other,post,0.213103721,0.399387224,0.885408055,0.733144777,0.136820373
2023-02,Russia,most-other,post,0.239969772,0.262085672,0.442362096,0.455589923,0.178984245
2023-02,Western Asia,most-other,post,0.218862878,0.665704574,0.761420543,0.732205836,0.410767942
2023-02,China,most-other,post,0.230768563,0.242784058,0.738381261,0.691344191,0.324300752
2023-02,Southern America,most-tropical,post,0.205268398,0.7191296,0.793621744,0.787297151,1.287098754
2023-02,Africa,most-tropical,post,0.252272353,0.694197504,0.854574362,0.785016504,0.280342773
2023-03,Oceania,most-tropical,post,0.232072888,0.629923201,0.899060977,0.867174334,0.187140485
2023-03,South-eastern Asia,most-tropical,post,0.203038249,0.575742631,0.739235885,0.695640107,0.309152764
2023-03,Europe,most-other,post,0.259009315,0.593009795,0.680216217,0.66537124,0.712573417
2023-03,Southern Asia,most-tropical,post,0.205872628,0.908451293,1,1,0.365374623
2023-03,Northern America,most-other,post,0.233854105,0.628503071,0.889787293,0.871293868,0.253122486
2023-03,Japan/Korea,most-other,post,0.213103721,0.466275563,0.971063442,0.81444278,0.152161898
2023-03,Russia,most-other,post,0.239969772,0.303699713,0.524638832,0.538191479,0.319489298
2023-03,Western Asia,most-other,post,0.218862878,0.772962387,0.831756724,0.824049863,0.242888439
2023-03,China,most-other,post,0.230768563,0.327170091,0.786600543,0.746715985,0.351003233
2023-03,Southern America,most-tropical,post,0.205268398,0.784260815,0.881208631,0.872797691,1.032968537
2023-03,Africa,most-tropical,post,0.252272353,0.790850527,0.978504226,0.896799234,0.238344676
2023-04,Oceania,most-tropical,post,0.202328498,0.649110243,0.882934206,0.858595324,0.211469147
2023-04,South-eastern Asia,most-tropical,post,0.19223807,0.586241421,0.724220488,0.687536438,0.587791775
2023-04,Europe,most-other,post,0.247814663,0.666045205,0.799046739,0.775403879,0.524042225
2023-04,Southern Asia,most-tropical,post,0.178351611,0.872965375,0.942739191,0.947166625,0.431982533
2023-04,Northern America,most-other,post,0.208905062,0.671396073,0.867481251,0.855759319,0.265579436
2023-04,Japan/Korea,most-other,post,0.204270726,0.517707889,0.898635225,0.785349411,0.185320582
2023-04,Russia,most-other,post,0.174673379,0.285040561,0.525181254,0.533067211,0.335150233
2023-04,Western Asia,most-other,post,0.200917616,0.822715662,0.810529357,0.839770718,0.213826421
2023-04,China,most-other,post,0.224683129,0.418605564,0.846551027,0.813547908,0.391275586
2023-04,Southern America,most-tropical,post,0.214350425,0.759570104,0.833571293,0.827341948,1.514473515
2023-04,Africa,most-tropical,post,0.20451669,0.800214239,0.916494178,0.870453089,0.277526852
2023-05,Oceania,most-tropical,post,0.202328498,0.656280135,0.855959522,0.838542541,0.229814067
2023-05,South-eastern Asia,most-tropical,post,0.19223807,0.608706954,0.779085362,0.733663056,0.485747252
2023-05,Europe,most-other,post,0.247814663,0.72901501,0.875956234,0.849806653,0.368265915
2023-05,Southern Asia,most-tropical,post,0.178351611,0.87969608,0.948574515,0.953384792,0.474598856
2023-05,Northern America,most-other,post,0.208905062,0.784757637,0.900345322,0.897636047,0.26403177
2023-05,Japan/Korea,most-other,post,0.204270726,0.55459274,0.953213283,0.835045284,0.20354607
2023-05,Russia,most-other,post,0.174673379,0.358449874,0.626012301,0.641006304,0.284951053
2023-05,Western Asia,most-other,post,0.200917616,0.878729354,0.85189317,0.890046908,0.169511838
2023-05,China,most-other,post,0.224683129,0.464048794,0.866990022,0.838461954,0.452557053
2023-05,Southern America,most-tropical,post,0.214350425,0.799537499,0.875486483,0.869116857,1.423320257
2023-05,Africa,most-tropical,post,0.20451669,0.825148271,0.956651102,0.903401801,0.361345484
