Site,Partition,&alpha;,&beta;,&beta;-&alpha;,Prob[&alpha;>&beta;],Prob[&alpha;<&beta;],BayesFactor[&alpha;<&beta;]
1,1,"2.067","0.037","-2.030","0.985","0.006","0.023"
2,1,"0.723","1.237","0.514","0.057","0.782","14.611"
3,1,"2.860","0.816","-2.043","1.000","0.000","0.000"
4,1,"2.235","0.913","-1.322","0.846","0.032","0.136"
5,1,"1.177","0.185","-0.992","0.989","0.007","0.028"
6,1,"1.823","0.040","-1.784","1.000","0.000","0.000"
7,1,"0.876","0.116","-0.760","0.972","0.019","0.079"
8,1,"0.288","0.532","0.244","0.196","0.754","12.474"
9,1,"0.581","2.794","2.212","0.000","0.998","1751.530"
10,1,"0.948","1.151","0.203","0.148","0.552","5.023"
11,1,"0.789","0.799","0.010","0.425","0.439","3.190"
12,1,"1.283","1.162","-0.120","0.270","0.348","2.170"
13,1,"1.304","2.686","1.381","0.021","0.870","27.279"
14,1,"1.957","1.174","-0.783","0.572","0.117","0.539"
15,1,"2.443","1.119","-1.324","0.824","0.036","0.152"
16,1,"2.613","1.786","-0.828","0.600","0.085","0.381"
17,1,"2.654","0.347","-2.307","0.997","0.001","0.004"
18,1,"2.483","0.914","-1.569","0.910","0.025","0.105"
19,1,"1.415","2.817","1.403","0.000","0.832","20.140"
20,1,"1.126","0.634","-0.492","0.797","0.119","0.551"
21,1,"2.799","0.896","-1.903","0.995","0.000","0.002"
22,1,"1.122","0.480","-0.641","0.884","0.073","0.322"
23,1,"1.000","0.422","-0.578","0.905","0.062","0.269"
24,1,"2.265","0.493","-1.772","0.983","0.006","0.026"
25,1,"0.536","0.590","0.054","0.382","0.540","4.790"
26,1,"2.818","1.245","-1.573","0.961","0.000","0.000"
27,1,"2.571","0.121","-2.450","1.000","0.000","0.000"
28,1,"2.809","0.796","-2.012","0.999","0.000","0.000"
29,1,"1.156","0.069","-1.087","0.998","0.001","0.004"
30,1,"1.580","0.042","-1.538","1.000","0.000","0.000"
31,1,"1.841","0.244","-1.597","0.995","0.002","0.009"
32,1,"2.742","0.051","-2.691","1.000","0.000","0.000"
33,1,"1.188","0.038","-1.150","0.999","0.000","0.001"
34,1,"0.678","0.188","-0.490","0.882","0.074","0.326"
35,1,"0.629","0.258","-0.372","0.802","0.141","0.667"
36,1,"1.931","0.147","-1.784","0.999","0.001","0.002"
37,1,"1.060","0.535","-0.525","0.842","0.102","0.465"
38,1,"2.832","0.126","-2.706","1.000","0.000","0.000"
39,1,"1.736","0.038","-1.698","1.000","0.000","0.000"
40,1,"2.829","0.125","-2.704","1.000","0.000","0.000"
41,1,"0.950","1.862","0.912","0.100","0.735","11.290"
42,1,"1.049","0.047","-1.002","0.998","0.001","0.004"
43,1,"1.048","0.179","-0.869","0.972","0.017","0.070"
44,1,"0.385","0.063","-0.323","0.740","0.119","0.550"
45,1,"2.413","0.250","-2.162","0.998","0.000","0.002"
46,1,"2.688","0.203","-2.484","1.000","0.000","0.000"
47,1,"0.992","1.072","0.080","0.211","0.490","3.920"
48,1,"1.188","0.036","-1.152","1.000","0.000","0.001"
49,1,"1.166","2.809","1.643","0.001","0.957","91.017"
50,1,"0.851","0.629","-0.222","0.646","0.260","1.429"
51,1,"1.796","0.143","-1.654","0.998","0.001","0.004"
52,1,"2.619","0.055","-2.563","1.000","0.000","0.000"
53,1,"2.809","0.057","-2.752","1.000","0.000","0.000"
54,1,"1.635","0.155","-1.480","0.998","0.001","0.005"
55,1,"1.466","0.035","-1.432","1.000","0.000","0.000"
56,1,"2.111","0.046","-2.066","1.000","0.000","0.000"
57,1,"4.032","0.065","-3.967","1.000","0.000","0.000"
58,1,"1.166","0.268","-0.898","0.977","0.009","0.038"
59,1,"1.072","0.175","-0.897","0.990","0.006","0.025"
60,1,"1.901","0.381","-1.520","0.974","0.009","0.035"
61,1,"1.453","0.592","-0.861","0.879","0.064","0.280"
62,1,"1.147","0.645","-0.502","0.796","0.106","0.483"
63,1,"0.889","0.590","-0.299","0.700","0.214","1.110"
64,1,"2.466","1.263","-1.203","0.769","0.082","0.362"
65,1,"0.722","0.329","-0.393","0.831","0.121","0.562"
66,1,"1.299","1.297","-0.002","0.217","0.414","2.873"
67,1,"1.924","0.201","-1.723","0.989","0.007","0.027"
68,1,"1.912","0.046","-1.867","1.000","0.000","0.000"
69,1,"0.753","2.815","2.062","0.000","0.999","3240.107"
70,1,"2.812","0.725","-2.087","0.998","0.000","0.001"
71,1,"2.412","0.048","-2.364","1.000","0.000","0.000"
72,1,"2.713","0.200","-2.513","1.000","0.000","0.000"
73,1,"1.400","2.156","0.756","0.138","0.618","6.596"
74,1,"2.122","0.978","-1.144","0.776","0.048","0.204"
75,1,"1.068","0.181","-0.887","0.988","0.007","0.029"
76,1,"1.532","0.038","-1.494","1.000","0.000","0.000"
77,1,"2.774","0.053","-2.721","1.000","0.000","0.000"
78,1,"2.160","1.293","-0.867","0.617","0.113","0.518"
79,1,"1.609","0.229","-1.380","0.994","0.003","0.012"
80,1,"1.187","0.044","-1.144","0.999","0.000","0.002"
81,1,"2.613","0.054","-2.560","1.000","0.000","0.000"
82,1,"2.389","0.444","-1.945","0.983","0.002","0.008"
83,1,"1.756","0.416","-1.341","0.944","0.038","0.161"
84,1,"0.785","0.052","-0.733","0.975","0.012","0.048"
85,1,"1.152","0.037","-1.116","0.999","0.000","0.001"
86,1,"1.270","0.064","-1.206","0.999","0.000","0.002"
87,1,"2.159","0.076","-2.083","1.000","0.000","0.000"
88,1,"2.809","0.053","-2.756","1.000","0.000","0.000"
89,1,"1.188","0.036","-1.152","1.000","0.000","0.001"
90,1,"2.099","0.043","-2.056","1.000","0.000","0.000"
91,1,"1.961","1.090","-0.870","0.651","0.097","0.436"
92,1,"1.136","0.045","-1.091","0.998","0.001","0.004"
93,1,"1.254","0.037","-1.217","1.000","0.000","0.001"
94,1,"0.935","1.166","0.231","0.091","0.573","5.471"
95,1,"2.704","1.115","-1.590","0.942","0.008","0.034"
96,1,"1.172","0.669","-0.502","0.715","0.181","0.898"
97,1,"2.728","0.130","-2.598","1.000","0.000","0.000"
98,1,"2.715","0.768","-1.947","0.986","0.002","0.007"
99,1,"1.530","1.724","0.194","0.250","0.445","3.267"
100,1,"2.239","0.103","-2.136","0.960","0.027","0.114"
101,1,"2.240","0.045","-2.195","1.000","0.000","0.000"
102,1,"0.920","0.191","-0.730","0.972","0.017","0.071"
103,1,"1.266","0.190","-1.076","0.988","0.007","0.028"
104,1,"0.817","0.777","-0.040","0.452","0.410","2.833"
105,1,"2.019","0.044","-1.975","1.000","0.000","0.000"
106,1,"2.826","0.075","-2.750","1.000","0.000","0.000"
107,1,"1.260","0.927","-0.333","0.524","0.232","1.233"
108,1,"2.617","1.123","-1.493","0.903","0.018","0.076"
109,1,"2.540","0.049","-2.491","1.000","0.000","0.000"
110,1,"0.568","2.812","2.244","0.000","0.999","7950.377"
111,1,"0.859","0.405","-0.454","0.862","0.096","0.434"
112,1,"0.999","0.758","-0.241","0.603","0.254","1.384"
113,1,"1.298","0.041","-1.256","0.999","0.000","0.001"
114,1,"1.180","0.055","-1.125","0.998","0.001","0.004"
115,1,"2.410","0.048","-2.362","1.000","0.000","0.000"
116,1,"1.292","0.053","-1.238","0.999","0.001","0.003"
117,1,"0.792","0.351","-0.442","0.846","0.111","0.511"
118,1,"2.813","0.059","-2.754","1.000","0.000","0.000"
119,1,"2.807","0.571","-2.236","1.000","0.000","0.000"
120,1,"1.130","0.729","-0.401","0.684","0.193","0.975"
121,1,"0.770","0.471","-0.299","0.724","0.212","1.099"
122,1,"2.645","0.971","-1.674","0.946","0.007","0.027"
123,1,"1.606","0.043","-1.563","1.000","0.000","0.000"
124,1,"0.921","0.191","-0.730","0.972","0.017","0.071"
125,1,"2.054","0.204","-1.850","0.999","0.000","0.002"
126,1,"0.639","0.241","-0.399","0.816","0.130","0.611"
127,1,"0.801","0.465","-0.336","0.775","0.164","0.802"
128,1,"0.518","0.598","0.080","0.358","0.566","5.313"
129,1,"1.605","0.035","-1.570","1.000","0.000","0.000"
130,1,"0.736","0.591","-0.145","0.583","0.332","2.021"
131,1,"2.738","0.138","-2.599","1.000","0.000","0.000"
132,1,"2.678","0.050","-2.628","1.000","0.000","0.000"
133,1,"1.746","0.041","-1.705","1.000","0.000","0.000"
134,1,"0.969","0.287","-0.682","0.953","0.028","0.119"
135,1,"2.779","0.057","-2.722","1.000","0.000","0.000"
136,1,"2.224","0.056","-2.168","1.000","0.000","0.000"
137,1,"0.625","0.963","0.339","0.126","0.758","12.735"
138,1,"1.023","1.340","0.317","0.103","0.561","5.213"
139,1,"1.355","0.040","-1.315","0.999","0.000","0.001"
140,1,"2.209","1.752","-0.456","0.498","0.225","1.182"
141,1,"0.342","0.078","-0.264","0.692","0.157","0.758"
142,1,"0.749","0.685","-0.064","0.492","0.406","2.781"
143,1,"2.239","0.103","-2.136","0.960","0.027","0.114"
144,1,"1.792","1.429","-0.362","0.402","0.231","1.225"
145,1,"2.827","0.054","-2.774","1.000","0.000","0.000"
146,1,"0.766","0.388","-0.378","0.822","0.129","0.602"
147,1,"2.492","0.955","-1.537","0.890","0.026","0.107"
148,1,"1.118","0.071","-1.047","0.990","0.006","0.024"
149,1,"2.781","0.126","-2.656","1.000","0.000","0.000"
150,1,"2.855","0.054","-2.801","1.000","0.000","0.000"
151,1,"0.668","2.555","1.887","0.003","0.961","100.583"
152,1,"1.833","0.038","-1.795","1.000","0.000","0.000"
153,1,"1.476","0.262","-1.213","0.988","0.006","0.025"
154,1,"2.788","0.757","-2.031","0.997","0.000","0.001"
155,1,"0.921","0.055","-0.866","0.990","0.005","0.021"
156,1,"1.010","2.815","1.805","0.000","0.936","59.112"
157,1,"2.808","0.121","-2.687","1.000","0.000","0.000"
158,1,"2.903","2.816","-0.087","0.024","0.009","0.036"
159,1,"2.230","0.244","-1.986","0.997","0.001","0.004"
160,1,"1.107","2.810","1.704","0.000","0.959","95.896"
161,1,"2.801","1.178","-1.623","0.983","0.001","0.004"
162,1,"1.968","0.194","-1.775","0.998","0.001","0.004"
163,1,"2.807","0.063","-2.744","1.000","0.000","0.000"
164,1,"2.226","0.056","-2.171","1.000","0.000","0.000"
165,1,"1.156","0.310","-0.846","0.967","0.020","0.084"
166,1,"2.677","0.188","-2.490","1.000","0.000","0.000"
167,1,"2.820","0.087","-2.733","1.000","0.000","0.000"
168,1,"1.135","0.045","-1.090","0.998","0.001","0.004"
169,1,"2.239","0.103","-2.136","0.960","0.027","0.114"
170,1,"1.341","0.067","-1.274","0.999","0.000","0.002"
171,1,"1.145","0.040","-1.105","1.000","0.000","0.001"
172,1,"2.805","0.670","-2.135","0.999","0.000","0.000"
173,1,"1.401","1.554","0.153","0.268","0.384","2.541"
174,1,"1.572","1.603","0.031","0.274","0.362","2.314"
175,1,"0.861","0.940","0.079","0.290","0.504","4.139"
176,1,"2.338","7.123","4.785","0.000","0.999","6499.848"
177,1,"1.858","0.177","-1.681","0.997","0.002","0.007"
178,1,"0.850","0.173","-0.677","0.961","0.023","0.096"
179,1,"0.926","0.328","-0.599","0.924","0.051","0.218"
180,1,"2.384","0.233","-2.150","0.996","0.001","0.002"
181,1,"2.456","0.132","-2.324","1.000","0.000","0.000"
182,1,"2.798","0.129","-2.669","1.000","0.000","0.000"
183,1,"2.807","0.125","-2.682","1.000","0.000","0.000"
184,1,"2.020","0.256","-1.764","0.894","0.083","0.370"
185,1,"1.097","0.330","-0.766","0.955","0.028","0.117"
186,1,"0.804","0.185","-0.619","0.947","0.032","0.135"
187,1,"1.090","1.419","0.329","0.109","0.520","4.420"
188,1,"2.455","0.676","-1.779","0.967","0.012","0.049"
189,1,"1.245","1.009","-0.236","0.414","0.331","2.015"
190,1,"0.975","0.062","-0.913","0.990","0.006","0.023"
191,1,"0.346","0.056","-0.289","0.723","0.118","0.545"
192,1,"1.651","0.044","-1.608","1.000","0.000","0.000"
193,1,"2.798","0.089","-2.710","1.000","0.000","0.000"
194,1,"0.939","0.218","-0.721","0.961","0.025","0.107"
195,1,"0.875","0.406","-0.468","0.855","0.103","0.465"
196,1,"2.239","0.103","-2.136","0.960","0.027","0.114"
197,1,"1.354","0.031","-1.323","1.000","0.000","0.000"
198,1,"2.806","0.358","-2.449","1.000","0.000","0.000"
199,1,"2.749","0.054","-2.695","1.000","0.000","0.000"
200,1,"2.511","0.050","-2.461","1.000","0.000","0.000"
201,1,"2.800","0.055","-2.746","1.000","0.000","0.000"
202,1,"2.490","2.595","0.105","0.129","0.193","0.972"
203,1,"2.815","0.201","-2.614","1.000","0.000","0.000"
204,1,"0.534","0.617","0.083","0.354","0.569","5.389"
205,1,"2.567","0.660","-1.907","0.981","0.004","0.014"
206,1,"1.194","0.526","-0.668","0.890","0.065","0.282"
207,1,"0.895","0.083","-0.812","0.966","0.021","0.088"
208,1,"0.947","1.492","0.545","0.065","0.647","7.467"
209,1,"0.727","2.643","1.916","0.002","0.974","151.889"
210,1,"1.831","0.648","-1.183","0.895","0.014","0.056"
211,1,"0.964","0.327","-0.637","0.916","0.057","0.245"
212,1,"2.356","0.124","-2.232","1.000","0.000","0.000"
213,1,"1.076","2.802","1.726","0.001","0.953","82.866"
214,1,"1.069","2.815","1.746","0.000","0.974","150.973"
215,1,"1.840","1.032","-0.808","0.633","0.121","0.561"
216,1,"2.089","0.042","-2.047","1.000","0.000","0.000"
217,1,"0.989","0.531","-0.458","0.803","0.137","0.647"
218,1,"0.746","0.539","-0.206","0.663","0.260","1.428"
219,1,"1.150","0.246","-0.904","0.979","0.013","0.052"
220,1,"2.099","0.048","-2.052","1.000","0.000","0.000"
221,1,"2.235","0.244","-1.991","0.997","0.001","0.004"
222,1,"0.948","0.050","-0.898","0.995","0.002","0.009"
223,1,"0.683","0.846","0.163","0.258","0.624","6.772"
224,1,"2.455","0.437","-2.018","0.994","0.002","0.009"
225,1,"1.635","0.196","-1.439","0.997","0.001","0.006"
226,1,"2.041","0.064","-1.977","1.000","0.000","0.001"
227,1,"1.665","0.062","-1.603","0.999","0.001","0.002"
228,1,"0.869","1.041","0.172","0.174","0.578","5.581"
229,1,"2.816","0.358","-2.459","1.000","0.000","0.000"
230,1,"1.234","2.605","1.371","0.027","0.855","24.063"
231,1,"2.815","0.120","-2.695","1.000","0.000","0.000"
232,1,"2.561","0.500","-2.060","0.993","0.002","0.008"
233,1,"2.827","0.141","-2.686","1.000","0.000","0.000"
234,1,"2.768","0.117","-2.650","1.000","0.000","0.000"
235,1,"2.210","1.301","-0.909","0.646","0.105","0.477"
236,1,"1.363","0.223","-1.140","0.988","0.007","0.027"
237,1,"0.614","0.854","0.240","0.195","0.708","9.856"
238,1,"1.297","0.322","-0.976","0.969","0.019","0.079"
239,1,"1.669","0.417","-1.252","0.937","0.043","0.182"
240,1,"2.213","0.045","-2.168","1.000","0.000","0.000"
241,1,"2.704","1.227","-1.476","0.915","0.013","0.054"
242,1,"2.817","0.246","-2.572","1.000","0.000","0.000"
243,1,"1.863","0.207","-1.656","0.998","0.001","0.004"
244,1,"2.134","0.124","-2.009","1.000","0.000","0.000"
245,1,"2.391","0.048","-2.343","1.000","0.000","0.000"
246,1,"0.685","0.433","-0.252","0.600","0.345","2.141"
247,1,"1.190","0.034","-1.156","1.000","0.000","0.001"
248,1,"1.781","0.162","-1.620","0.999","0.001","0.002"
249,1,"2.287","0.461","-1.826","0.982","0.006","0.025"
250,1,"2.239","0.103","-2.136","0.960","0.027","0.114"
251,1,"1.108","0.043","-1.064","0.998","0.001","0.004"
252,1,"0.664","0.523","-0.140","0.512","0.428","3.046"
253,1,"1.252","0.042","-1.210","0.999","0.000","0.001"
254,1,"1.180","0.368","-0.812","0.930","0.046","0.197"
255,1,"2.897","0.190","-2.707","1.000","0.000","0.000"
256,1,"2.705","0.118","-2.587","1.000","0.000","0.000"
257,1,"0.713","0.052","-0.660","0.969","0.014","0.059"
258,1,"1.292","0.992","-0.301","0.408","0.401","2.729"
259,1,"1.147","0.046","-1.102","0.999","0.001","0.002"
260,1,"1.166","0.074","-1.092","0.997","0.001","0.006"
261,1,"1.070","0.051","-1.019","0.997","0.002","0.007"
262,1,"1.565","0.684","-0.881","0.849","0.068","0.299"
263,1,"1.143","0.148","-0.994","0.995","0.002","0.010"
264,1,"2.702","0.126","-2.576","1.000","0.000","0.000"
265,1,"2.809","0.052","-2.756","1.000","0.000","0.000"
266,1,"1.297","0.042","-1.255","0.999","0.000","0.001"
267,1,"2.672","0.083","-2.589","1.000","0.000","0.000"
268,1,"0.765","0.304","-0.461","0.861","0.099","0.449"
269,1,"1.277","0.034","-1.242","1.000","0.000","0.000"
270,1,"1.151","0.038","-1.113","0.999","0.000","0.001"
271,1,"2.195","0.045","-2.150","1.000","0.000","0.000"
272,1,"1.154","0.035","-1.119","1.000","0.000","0.001"
273,1,"1.180","0.055","-1.126","0.998","0.001","0.004"
274,1,"1.182","0.049","-1.134","0.999","0.001","0.003"
275,1,"1.178","0.369","-0.810","0.929","0.046","0.198"
276,1,"1.344","1.094","-0.250","0.344","0.415","2.884"
277,1,"2.603","6.820","4.218","0.000","0.957","91.613"
278,1,"0.624","2.766","2.142","0.000","0.994","627.225"
279,1,"2.824","0.171","-2.653","1.000","0.000","0.000"
280,1,"2.132","0.985","-1.147","0.768","0.080","0.356"
281,1,"0.815","0.163","-0.652","0.962","0.021","0.089"
282,1,"1.767","0.053","-1.714","1.000","0.000","0.000"
283,1,"0.685","0.433","-0.252","0.600","0.345","2.144"
284,1,"2.434","0.178","-2.256","0.938","0.045","0.194"
285,1,"1.336","0.898","-0.438","0.569","0.228","1.203"
286,1,"0.993","0.215","-0.778","0.966","0.022","0.091"
287,1,"2.043","0.134","-1.909","0.999","0.000","0.001"
288,1,"0.897","0.423","-0.474","0.860","0.098","0.441"
289,1,"0.989","0.334","-0.655","0.953","0.029","0.120"
290,1,"1.585","0.387","-1.198","0.971","0.015","0.061"
291,1,"0.995","0.308","-0.687","0.965","0.021","0.087"
292,1,"2.068","0.817","-1.250","0.849","0.061","0.265"
293,1,"2.278","0.051","-2.228","1.000","0.000","0.000"
294,1,"2.777","0.766","-2.011","0.995","0.000","0.002"
295,1,"2.241","0.661","-1.580","0.950","0.015","0.060"
296,1,"1.058","0.166","-0.892","0.978","0.013","0.054"
297,1,"1.061","0.049","-1.013","0.997","0.001","0.006"
298,1,"1.144","0.048","-1.096","0.999","0.000","0.002"
299,1,"2.106","0.046","-2.061","1.000","0.000","0.000"
300,1,"1.022","0.164","-0.857","0.986","0.008","0.031"
301,1,"0.368","0.209","-0.158","0.555","0.351","2.206"
302,1,"2.773","0.053","-2.720","1.000","0.000","0.000"
303,1,"0.930","0.042","-0.887","0.994","0.003","0.011"
304,1,"1.645","0.257","-1.388","0.991","0.005","0.019"
305,1,"2.447","1.056","-1.392","0.851","0.023","0.095"
306,1,"1.051","0.177","-0.875","0.983","0.010","0.040"
307,1,"1.611","0.898","-0.714","0.683","0.125","0.581"
308,1,"2.680","0.132","-2.549","1.000","0.000","0.000"
309,1,"2.259","0.046","-2.213","1.000","0.000","0.000"
310,1,"2.257","0.054","-2.203","1.000","0.000","0.000"
311,1,"1.117","0.071","-1.047","0.990","0.006","0.024"
312,1,"0.820","0.280","-0.540","0.898","0.070","0.308"
313,1,"2.691","0.131","-2.560","1.000","0.000","0.000"
314,1,"1.064","0.045","-1.019","0.998","0.001","0.005"
315,1,"2.616","0.767","-1.849","0.974","0.004","0.016"
316,1,"2.110","0.792","-1.318","0.882","0.028","0.119"
317,1,"0.963","0.049","-0.914","0.993","0.003","0.014"
318,1,"2.753","0.066","-2.687","1.000","0.000","0.000"
319,1,"1.347","0.031","-1.316","1.000","0.000","0.000"
320,1,"3.023","0.894","-2.129","1.000","0.000","0.000"
321,1,"2.215","0.049","-2.166","1.000","0.000","0.000"
322,1,"1.062","0.041","-1.021","0.999","0.001","0.002"
323,1,"2.764","0.120","-2.644","1.000","0.000","0.000"
324,1,"0.961","0.331","-0.630","0.913","0.059","0.256"
325,1,"2.270","0.991","-1.279","0.816","0.041","0.175"
326,1,"2.841","0.666","-2.174","1.000","0.000","0.000"
327,1,"0.641","0.600","-0.041","0.476","0.443","3.234"
328,1,"0.760","2.724","1.965","0.001","0.983","236.122"
329,1,"2.803","0.202","-2.600","1.000","0.000","0.000"
330,1,"1.461","0.061","-1.400","0.999","0.000","0.001"
331,1,"2.515","0.135","-2.380","1.000","0.000","0.000"
332,1,"1.093","0.283","-0.810","0.966","0.017","0.072"
333,1,"0.762","0.051","-0.711","0.974","0.012","0.048"
334,1,"1.110","0.044","-1.066","0.998","0.001","0.004"
335,1,"2.774","0.053","-2.721","1.000","0.000","0.000"
336,1,"2.062","0.035","-2.026","0.985","0.005","0.022"
337,1,"2.876","0.079","-2.797","1.000","0.000","0.000"
338,1,"2.215","0.049","-2.166","1.000","0.000","0.000"
339,1,"2.809","0.130","-2.680","1.000","0.000","0.000"
340,1,"1.449","0.037","-1.412","1.000","0.000","0.000"
341,1,"2.765","0.206","-2.559","1.000","0.000","0.000"
342,1,"1.665","1.094","-0.570","0.495","0.211","1.088"
343,1,"1.662","0.062","-1.601","0.999","0.001","0.002"
344,1,"2.015","0.044","-1.970","1.000","0.000","0.000"
345,1,"2.485","0.192","-2.293","0.999","0.000","0.001"
346,1,"1.155","0.034","-1.121","1.000","0.000","0.001"
347,1,"1.899","0.043","-1.857","1.000","0.000","0.001"
348,1,"1.310","0.051","-1.260","0.999","0.001","0.002"
349,1,"2.760","0.052","-2.708","1.000","0.000","0.000"
350,1,"1.036","0.162","-0.874","0.988","0.007","0.028"
351,1,"2.060","0.133","-1.927","0.997","0.002","0.008"
352,1,"4.008","0.059","-3.949","1.000","0.000","0.000"
353,1,"2.799","0.053","-2.747","1.000","0.000","0.000"
354,1,"1.628","0.274","-1.354","0.988","0.006","0.025"
355,1,"1.007","0.045","-0.962","0.942","0.025","0.103"
356,1,"1.149","0.043","-1.105","0.997","0.001","0.006"
357,1,"0.876","0.189","-0.687","0.955","0.028","0.117"
358,1,"1.873","0.039","-1.835","1.000","0.000","0.000"
359,1,"2.244","0.105","-2.139","0.959","0.028","0.118"
360,1,"2.781","0.129","-2.653","1.000","0.000","0.000"
361,1,"2.780","0.054","-2.726","1.000","0.000","0.000"
362,1,"1.708","0.128","-1.580","0.954","0.031","0.130"
363,1,"1.641","2.830","1.189","0.000","0.715","10.197"
364,1,"1.082","0.166","-0.917","0.987","0.007","0.029"
365,1,"1.810","0.038","-1.773","1.000","0.000","0.000"
366,1,"2.244","0.105","-2.139","0.959","0.028","0.118"
367,1,"2.764","0.068","-2.696","1.000","0.000","0.000"
368,1,"2.429","0.047","-2.382","1.000","0.000","0.000"
369,1,"0.805","0.215","-0.590","0.928","0.047","0.203"
370,1,"2.817","0.197","-2.620","1.000","0.000","0.000"
371,1,"2.791","0.057","-2.734","1.000","0.000","0.000"
372,1,"1.237","0.376","-0.861","0.915","0.055","0.239"
373,1,"1.321","0.043","-1.277","0.999","0.000","0.001"
374,1,"1.472","0.399","-1.073","0.962","0.019","0.079"
375,1,"2.930","0.355","-2.574","1.000","0.000","0.000"
376,1,"2.732","0.053","-2.679","1.000","0.000","0.000"
377,1,"0.741","0.181","-0.560","0.907","0.057","0.247"
378,1,"2.728","0.053","-2.675","1.000","0.000","0.000"
379,1,"0.908","0.085","-0.823","0.965","0.021","0.089"
380,1,"2.166","0.044","-2.122","1.000","0.000","0.000"
381,1,"1.127","0.040","-1.087","0.999","0.001","0.002"
382,1,"1.575","0.039","-1.536","1.000","0.000","0.000"
383,1,"0.963","0.191","-0.772","0.981","0.011","0.047"
384,1,"0.988","0.277","-0.711","0.929","0.049","0.208"
385,1,"1.374","0.034","-1.341","1.000","0.000","0.000"
386,1,"2.467","0.052","-2.414","1.000","0.000","0.000"
387,1,"1.137","0.073","-1.065","0.990","0.006","0.024"
388,1,"0.959","1.012","0.053","0.255","0.482","3.784"
389,1,"1.502","0.037","-1.465","1.000","0.000","0.000"
390,1,"2.261","0.155","-2.106","0.999","0.000","0.001"
391,1,"2.366","0.578","-1.787","0.978","0.008","0.031"
392,1,"0.546","0.100","-0.445","0.784","0.129","0.604"
393,1,"1.523","0.173","-1.350","0.997","0.001","0.006"
394,1,"1.523","0.610","-0.913","0.876","0.064","0.278"
395,1,"2.809","0.545","-2.265","1.000","0.000","0.000"
396,1,"2.750","0.061","-2.689","1.000","0.000","0.000"
397,1,"1.986","0.450","-1.537","0.965","0.004","0.018"
398,1,"1.154","0.046","-1.108","0.998","0.001","0.004"
399,1,"3.029","0.191","-2.838","1.000","0.000","0.000"
400,1,"1.958","0.075","-1.883","0.999","0.000","0.000"
401,1,"2.786","0.258","-2.529","1.000","0.000","0.000"
402,1,"2.790","0.118","-2.672","1.000","0.000","0.000"
403,1,"1.708","0.248","-1.460","0.988","0.007","0.029"
404,1,"0.706","0.195","-0.511","0.917","0.052","0.222"
405,1,"2.670","0.131","-2.539","1.000","0.000","0.000"
406,1,"1.047","0.479","-0.568","0.889","0.068","0.298"
407,1,"0.565","0.066","-0.500","0.825","0.085","0.378"
408,1,"1.660","0.048","-1.612","1.000","0.000","0.000"
409,1,"2.279","0.049","-2.230","1.000","0.000","0.000"
410,1,"1.132","0.252","-0.879","0.970","0.018","0.074"
411,1,"0.822","0.208","-0.614","0.936","0.041","0.176"
412,1,"2.400","0.050","-2.350","1.000","0.000","0.000"
413,1,"2.788","0.060","-2.728","1.000","0.000","0.000"
414,1,"2.386","0.050","-2.336","1.000","0.000","0.000"
415,1,"1.388","0.048","-1.340","1.000","0.000","0.001"
416,1,"1.116","0.472","-0.644","0.875","0.078","0.344"
417,1,"1.368","0.041","-1.327","0.999","0.000","0.001"
418,1,"1.769","0.370","-1.398","0.980","0.010","0.040"
419,1,"2.402","0.050","-2.352","1.000","0.000","0.000"
420,1,"2.814","0.054","-2.759","1.000","0.000","0.000"
421,1,"2.769","0.194","-2.575","1.000","0.000","0.000"
422,1,"2.744","0.872","-1.872","0.984","0.002","0.008"
423,1,"2.832","0.195","-2.637","1.000","0.000","0.000"
424,1,"2.823","0.311","-2.512","1.000","0.000","0.000"
425,1,"2.776","0.874","-1.902","0.991","0.001","0.004"
426,1,"1.215","0.041","-1.175","1.000","0.000","0.001"
427,1,"2.131","0.635","-1.497","0.938","0.028","0.116"
428,1,"0.866","0.231","-0.635","0.928","0.049","0.208"
429,1,"0.857","0.393","-0.464","0.860","0.099","0.448"
430,1,"2.256","0.049","-2.206","1.000","0.000","0.000"
431,1,"1.214","0.038","-1.176","1.000","0.000","0.001"
432,1,"2.816","0.352","-2.465","1.000","0.000","0.000"
433,1,"1.393","0.045","-1.347","0.999","0.000","0.002"
434,1,"2.930","0.743","-2.186","0.974","0.011","0.044"
435,1,"2.141","0.136","-2.005","0.999","0.000","0.001"
436,1,"2.363","0.054","-2.309","1.000","0.000","0.000"
437,1,"2.246","0.106","-2.140","0.958","0.028","0.119"
438,1,"1.118","0.061","-1.057","0.996","0.002","0.010"
439,1,"0.923","0.072","-0.851","0.984","0.009","0.038"
440,1,"3.422","0.146","-3.276","1.000","0.000","0.000"
441,1,"2.829","0.120","-2.709","1.000","0.000","0.000"
442,1,"1.175","0.169","-1.006","0.994","0.003","0.013"
443,1,"1.173","0.047","-1.126","0.999","0.001","0.002"
444,1,"0.574","0.321","-0.253","0.699","0.232","1.227"
445,1,"0.943","0.188","-0.755","0.975","0.015","0.064"
446,1,"1.014","0.332","-0.682","0.957","0.026","0.109"
447,1,"1.671","0.450","-1.222","0.949","0.008","0.034"
448,1,"2.676","0.057","-2.619","1.000","0.000","0.000"
449,1,"2.765","0.058","-2.707","1.000","0.000","0.000"
450,1,"1.723","0.064","-1.659","0.999","0.001","0.003"
451,1,"2.284","0.049","-2.235","1.000","0.000","0.000"
452,1,"1.420","0.040","-1.380","1.000","0.000","0.000"
453,1,"1.318","0.660","-0.658","0.804","0.103","0.468"
454,1,"2.732","0.124","-2.608","1.000","0.000","0.000"
455,1,"1.766","0.069","-1.696","0.999","0.000","0.001"
456,1,"1.859","0.044","-1.815","1.000","0.000","0.000"
457,1,"2.323","0.047","-2.276","1.000","0.000","0.000"
458,1,"0.750","0.719","-0.031","0.454","0.434","3.121"
459,1,"0.940","0.051","-0.889","0.985","0.007","0.030"
460,1,"2.376","0.127","-2.248","0.962","0.026","0.107"
461,1,"0.858","0.589","-0.269","0.694","0.224","1.173"
462,1,"2.444","0.521","-1.923","0.985","0.006","0.023"
463,1,"2.232","0.076","-2.155","1.000","0.000","0.000"
464,1,"0.789","0.074","-0.714","0.961","0.022","0.092"
465,1,"0.941","0.051","-0.890","0.985","0.007","0.030"
466,1,"0.686","0.705","0.019","0.402","0.503","4.120"
467,1,"0.775","0.059","-0.716","0.970","0.015","0.062"
468,1,"2.621","0.557","-2.064","0.992","0.001","0.006"
469,1,"4.169","0.427","-3.741","1.000","0.000","0.000"
470,1,"1.723","0.064","-1.659","0.999","0.001","0.003"
471,1,"1.904","0.070","-1.834","1.000","0.000","0.000"
472,1,"3.028","0.130","-2.898","1.000","0.000","0.000"
473,1,"1.161","0.044","-1.116","0.997","0.001","0.006"
474,1,"1.341","0.044","-1.297","0.999","0.000","0.001"
475,1,"1.177","0.038","-1.139","0.999","0.000","0.001"
476,1,"1.111","0.045","-1.067","0.999","0.001","0.002"
477,1,"2.540","0.052","-2.488","1.000","0.000","0.000"
478,1,"2.817","0.528","-2.289","0.738","0.221","1.156"
479,1,"2.779","0.119","-2.660","1.000","0.000","0.000"
480,1,"0.799","0.061","-0.737","0.970","0.015","0.063"
481,1,"1.534","0.035","-1.498","1.000","0.000","0.000"
482,1,"1.599","0.044","-1.556","1.000","0.000","0.000"
483,1,"0.810","0.216","-0.594","0.928","0.048","0.204"
484,1,"1.414","0.169","-1.245","0.991","0.006","0.023"
485,1,"1.923","0.044","-1.879","1.000","0.000","0.001"
486,1,"2.021","0.057","-1.964","1.000","0.000","0.000"
487,1,"0.943","0.050","-0.893","0.992","0.004","0.015"
488,1,"0.816","0.197","-0.619","0.912","0.057","0.248"
489,1,"0.799","0.061","-0.738","0.971","0.015","0.062"
490,1,"0.753","0.355","-0.398","0.824","0.128","0.599"
491,1,"0.381","0.216","-0.165","0.562","0.348","2.171"
492,1,"2.461","0.309","-2.151","0.999","0.000","0.002"
493,1,"0.726","0.066","-0.660","0.960","0.021","0.087"
494,1,"1.899","0.730","-1.169","0.822","0.113","0.519"
495,1,"3.012","1.089","-1.924","0.999","0.000","0.000"
496,1,"0.398","0.091","-0.307","0.713","0.159","0.771"
497,1,"2.310","0.049","-2.260","1.000","0.000","0.000"
498,1,"1.768","0.041","-1.727","1.000","0.000","0.000"
499,1,"0.689","0.203","-0.486","0.873","0.084","0.373"
500,1,"2.543","0.938","-1.605","0.921","0.018","0.076"
501,1,"1.108","0.172","-0.936","0.991","0.005","0.021"
502,1,"1.152","0.060","-1.092","0.996","0.002","0.009"
503,1,"2.824","0.315","-2.509","1.000","0.000","0.000"
504,1,"1.996","0.044","-1.952","1.000","0.000","0.000"
505,1,"1.541","2.807","1.266","0.003","0.758","12.779"
506,1,"2.800","0.654","-2.146","0.999","0.000","0.000"
507,1,"0.358","0.092","-0.266","0.686","0.174","0.858"
508,1,"2.826","0.124","-2.702","1.000","0.000","0.000"
509,1,"0.346","0.390","0.044","0.366","0.566","5.314"
510,1,"1.396","0.042","-1.355","0.999","0.000","0.001"
511,1,"1.132","0.040","-1.092","0.999","0.001","0.003"
512,1,"2.692","0.242","-2.450","0.999","0.000","0.001"
513,1,"1.169","0.170","-0.998","0.992","0.005","0.019"
514,1,"2.753","0.130","-2.623","1.000","0.000","0.000"
515,1,"2.827","0.059","-2.768","1.000","0.000","0.000"
516,1,"2.577","0.061","-2.516","1.000","0.000","0.000"
517,1,"2.072","0.898","-1.174","0.806","0.050","0.215"
518,1,"0.964","0.203","-0.761","0.977","0.014","0.059"
519,1,"7.105","0.557","-6.548","1.000","0.000","0.000"
520,1,"2.389","0.127","-2.262","1.000","0.000","0.000"
521,1,"0.747","1.074","0.327","0.106","0.714","10.170"
522,1,"2.272","0.050","-2.222","1.000","0.000","0.000"
523,1,"1.172","0.070","-1.102","0.998","0.001","0.004"
524,1,"2.783","0.792","-1.991","0.995","0.000","0.002"
525,1,"1.245","0.206","-1.038","0.984","0.010","0.040"
526,1,"2.816","0.648","-2.168","1.000","0.000","0.000"
527,1,"0.325","0.264","-0.061","0.459","0.451","3.343"
528,1,"0.759","0.295","-0.464","0.830","0.126","0.586"
529,1,"1.196","0.342","-0.854","0.956","0.027","0.113"
530,1,"2.584","0.324","-2.260","0.856","0.116","0.535"
531,1,"0.920","0.310","-0.609","0.933","0.044","0.189"
532,1,"0.547","0.138","-0.409","0.882","0.080","0.355"
533,1,"2.246","0.106","-2.140","0.958","0.029","0.120"
534,1,"1.232","0.048","-1.184","0.999","0.001","0.002"
535,1,"1.070","0.053","-1.017","0.998","0.001","0.005"
536,1,"0.424","0.084","-0.340","0.737","0.141","0.670"
537,1,"0.242","0.284","0.041","0.333","0.577","5.548"
538,1,"0.934","1.379","0.445","0.125","0.674","8.416"
539,1,"0.760","0.081","-0.678","0.953","0.028","0.115"
540,1,"2.731","0.223","-2.508","1.000","0.000","0.000"
541,1,"0.617","0.944","0.327","0.143","0.746","11.948"
542,1,"1.765","0.264","-1.501","0.986","0.003","0.014"
543,1,"0.719","0.422","-0.297","0.740","0.199","1.013"
544,1,"1.349","0.168","-1.181","0.994","0.004","0.015"
545,1,"0.570","2.805","2.235","0.000","0.999","3470.387"
546,1,"1.277","2.809","1.532","0.001","0.904","38.346"
547,1,"0.954","0.309","-0.644","0.932","0.043","0.183"
548,1,"0.776","0.333","-0.443","0.854","0.106","0.485"
549,1,"2.759","0.053","-2.706","1.000","0.000","0.000"
550,1,"2.353","0.057","-2.296","1.000","0.000","0.000"
551,1,"0.778","0.442","-0.336","0.778","0.165","0.804"
552,1,"2.581","0.269","-2.312","0.892","0.086","0.381"
553,1,"2.247","0.106","-2.140","0.958","0.029","0.120"
554,1,"2.754","0.189","-2.565","1.000","0.000","0.000"
555,1,"0.938","0.057","-0.880","0.990","0.005","0.022"
556,1,"0.915","0.085","-0.829","0.965","0.021","0.089"
557,1,"5.420","0.657","-4.763","1.000","0.000","0.000"
558,1,"0.661","0.351","-0.310","0.771","0.169","0.831"
559,1,"0.365","0.067","-0.298","0.721","0.132","0.619"
560,1,"2.137","0.409","-1.729","0.985","0.006","0.024"
561,1,"6.991","0.421","-6.571","1.000","0.000","0.000"
562,1,"0.633","0.212","-0.422","0.842","0.106","0.484"
563,1,"0.907","0.569","-0.338","0.719","0.208","1.073"
564,1,"2.190","0.803","-1.388","0.887","0.034","0.143"
565,1,"0.747","0.415","-0.332","0.765","0.178","0.885"
566,1,"0.830","0.210","-0.620","0.936","0.042","0.178"
