Partition,Site,ES,EN,S,N,P[S],dS,dN,dN-dS,P [dN/dS > 1],P [dN/dS < 1],Total branch length
1,1,0.0005115577029405101,2.967736723371171,0,1,0.0001723432996499181,0,0.3369571135218692,0.1551449346944551,0.9998276567003501,1,2.171886012169705
1,2,0.9197240408863998,2.001518163777148,6,3,0.3148400496946567,6.523695949295179,1.498862240819526,-2.306614577282735,0.9941920545202352,0.03212243971482931,2.178445310267252
1,3,0.9894622541853697,1.978745556661558,0,12,0.3333534298270859,0,6.064448235702324,2.78236826113452,0.007704559059876269,1,2.179599415509982
1,4,0.1741125580838232,2.794453429946962,0,2,0.05865207604811297,0,0.7157034640716698,0.3265030761893771,0.8861359139285278,1,2.192026710512676
1,5,0.925594357315731,2.043025133150095,3,1,0.3117928586969191,3.241160640499308,0.4894702388991771,-1.253181294945681,0.9905492852401857,0.09289136077467297,2.195764022889763
1,6,0.9894458859896834,1.979217440307462,0,5,0.3332967659973193,0,2.526250980904489,1.148903981760716,0.1317233626479779,1,2.198835604201636
1,7,1.818599784373377,1.150063541923767,0,0,0.6125988650392843,0,0,0,1,1,2.198835604201636
1,8,0.9904676009500105,1.978295752209005,4,0,0.3336296912638959,4.038496560779359,0,-1.830789735424563,1,0.01238964247767516,2.205876776910607
1,9,0.001439692037801378,2.9729541905029,0,3,0.0004840287112786845,0,1.009097284305119,0.4561873751132939,0.9985486166041437,1,2.212023697618791
1,10,0.9914756074062343,1.982951214812469,0,1,0.3333333333333333,0,0.5042988413078896,0.2276874847411808,0.6666666666666667,1,2.214872907402623
1,11,0.993055797647462,1.981111553697813,3,6,0.3338937189254946,3.020978284510262,3.028602800685703,0.003439980385525388,0.6489292769908352,0.6241980832921104,2.216441758657288
1,12,0.991481641178141,1.982963282356282,0,0,0.3333333333333334,0,0,0,1,1,2.216441758657288
1,13,0.9914861509456202,1.982929365237851,1,0,0.3333381451081908,1.00858695711106,0,-0.4548068947344898,1,0.3333381451081907,2.217615803075851
1,14,0.8703400846226553,2.109511373316382,3,6,0.2920749899475228,3.44692845130841,2.844260560002266,-0.2707798972954557,0.7475725066196527,0.5158700492743494,2.225674421644958
1,15,0.9933008789641427,1.986601757928285,3,0,0.3333333333333334,3.020232905792382,0,-1.353964990444965,0.9999999999999999,0.0370370370370372,2.230658050323604
1,16,0.8731223201451491,2.11758928060562,7,0,0.2919446729420403,8.017204277673613,0,-3.505688236274656,1,0.000180760646610767,2.286913078783398
1,17,1.14431262111865,1.026697980509823,8,0,0.5270875325345267,6.991096534598572,0,-3.053540948024099,1,0.005957471179195095,2.289504759751923
1,18,0.9833677516581772,2.007354363404675,2,3,0.3288061256863081,2.03382711770602,1.49450443563522,-0.23556303160044,0.796784578102892,0.5301220698500327,2.289504759751923
1,19,0.8366722883192232,2.009916359075492,0,0,0.2939210374091006,0,0,0,1,1,2.289655830724061
1,20,1.000000000000001,2.000000000000002,3,0,0.3333333333333333,2.999999999999997,0,-1.305556650062222,1,0.03703703703703698,2.297870414016136
1,21,1.000000000000001,1.999797985577745,6,0,0.3333557808918277,5.999999999999994,0,-2.608797733827725,0.9999999999999996,0.001372296466508716,2.29991000153031
1,22,0.1739108265125471,2.826089173487452,0,3,0.05797027550418241,0,1.061537628799568,0.461197619397773,0.8359760198394462,1,2.301697979676722
1,23,0.9998993402331439,2.000100659766859,2,1,0.3332997800777143,2.00020133980053,0.4999748363247701,-0.6490485476950137,0.9629741462557196,0.2592145227109969,2.311424174360393
1,24,1.000000000000001,1.85042523224534,13,0,0.3508248484077163,12.99999999999999,0,-5.624238140365252,0.9999999999999989,0.000001219479492275966,2.311424174360393
1,25,1.000000000000001,1.837799727289275,1,0,0.3523856847203314,0.9999999999999989,0,-0.4317034108738452,1,0.3523856847203315,2.316405140223051
1,26,0.8380787196822962,2.161891067755207,6,5,0.2793623866452873,7.159232013759418,2.312789980298006,-2.092225556447668,0.9855711184424386,0.05710984362687843,2.316405140223051
1,27,1.000000000000001,1.837804471285626,1,0,0.352385095632387,0.9999999999999991,0,-0.4315185361258616,1,0.352385095632387,2.317397553713261
1,28,1.000000000000001,2.000000000000002,4,0,0.3333333333333333,3.999999999999996,0,-1.726074144503446,1,0.01234567901234551,2.317397553713261
1,29,0.8760329758109233,2.123967024189083,2,0,0.2920109919369738,2.283019081728797,0,-0.9851650520950203,1,0.08527041941201541,2.317397553713261
1,30,0.9998655671258848,2.000134432874118,9,3,0.3332885223752947,9.001210058538684,1.49989918212103,-3.236954688416752,0.9994568629669213,0.003851549868030157,2.317397553713261
1,31,1.000000000000001,2.000000000000002,4,0,0.3333333333333333,3.999999999999996,0,-1.723350812291149,1,0.01234567901234551,2.32105963073305
1,32,0.8268575668618099,2.125508212123304,1,1,0.2800660991085072,1.209398135878857,0.4704757169585513,-0.3183556377166126,0.921562980130144,0.481695178347158,2.32105963073305
1,33,1.000000000000001,2.000000000000002,4,0,0.3333333333333333,3.999999999999996,0,-1.723350812291149,1,0.01234567901234551,2.32105963073305
1,34,1.000000000000001,2.000000000000002,8,0,0.3333333333333333,7.999999999999993,0,-3.446701624582298,1,0.000152415790275473,2.32105963073305
1,35,1.000000000000001,2.000000000000002,7,0,0.3333333333333333,6.999999999999994,0,-3.015863921509511,1,0.0004572473708274183,2.32105963073305
1,36,0.8274583187591967,1.335473979238095,3,1,0.3825632080696004,3.625560263263299,0.7487978167650359,-1.239417724735365,0.9785803286678434,0.1597005396703803,2.32105963073305
1,37,1.000000000000001,1.999668514986971,10,0,0.3333701690716129,9.999999999999991,0,-4.308377030727873,1.000000000000001,0.0000169538116107093,2.32105963073305
1,38,0.9289844954122605,2.012725364047474,10,1,0.3157974578712787,10.76444230165784,0.4968387728711572,-4.423670720404503,0.9999968847354976,0.00007735965825395041,2.32105963073305
1,39,0.9999937332861552,2.000006266713847,6,1,0.3333312444287181,6.0000376005187,0.4999984333264471,-2.369624241603478,0.999542772686864,0.00685846986898031,2.32105963073305
1,40,0.8716446340851188,2.12832581309904,7,2,0.290551073562496,8.030795723703644,0.9397057479126346,-3.055108917452268,0.9996609454140178,0.003506449125667443,2.32105963073305
1,41,1.000522746150488,1.999477253849515,11,1,0.3335075820501623,10.99425279667305,0.5001307207044938,-4.521263450975727,0.9999981064859108,0.00004730223704962899,2.32105963073305
1,42,1.000000000000001,2.000000000000002,14,0,0.3333333333333333,13.99999999999999,0,-6.031727843019022,1,2.090751577421557e-7,2.32105963073305
1,43,1.000000000000001,1.999989155191301,5,1,0.3333345383164338,4.999999999999996,0.5000027112168761,-1.938768495733091,0.9986282281345791,0.01783294499085075,2.32105963073305
1,44,0.999897615089248,2.000102384910754,6,1,0.333299205029749,6.000614372366972,0.4999744050825781,-2.369883088935182,0.9995430802351517,0.006854778988795607,2.32105963073305
1,45,0.1731863612657099,2.826813638734288,0,0,0.05772878708857002,0,0,0,1,1,2.32105963073305
1,46,1.000000000000001,1.999718392731668,2,2,0.3333646259672259,1.999999999999998,1.000140823462621,-0.4307770310156124,0.8888610712558601,0.407463038756427,2.32105963073305
1,47,1.837349316256044,1.162591783673686,12,0,0.6124617967663037,6.531147830099248,0,-2.813864729548781,1,0.002785787909907134,2.32105963073305
1,48,1.000000000000001,2.000000000000002,2,0,0.3333333333333333,1.999999999999998,0,-0.8616754061455745,1,0.1111111111111109,2.32105963073305
1,49,0.9979348039928726,2.002065196007131,0,3,0.3326449346642905,0,1.498452700732786,0.6455899197469289,0.2972151093000355,1,2.32105963073305
1,50,1.000000000000001,2.000000000000002,1,1,0.3333333333333333,0.9999999999999991,0.4999999999999996,-0.2154188515363936,0.8888888888888891,0.5555555555555555,2.32105963073305
1,51,1.000000000000001,2.000000000000002,1,1,0.3333333333333333,0.9999999999999991,0.4999999999999996,-0.2154188515363936,0.8888888888888891,0.5555555555555555,2.32105963073305
1,52,0.9999607498893449,2.000039250110658,4,6,0.3333202499631147,4.000157006605147,2.999941125989419,-0.4309307125814059,0.7868987200100516,0.4406999257236124,2.32105963073305
1,53,0.8268959822692119,2.125469796715902,3,1,0.2800791108456284,3.628025851289349,0.4704842202627938,-1.360387983668184,0.993846490490302,0.06942191998510028,2.32105963073305
1,54,1.000000000000001,2.000000000000002,5,0,0.3333333333333333,4.999999999999996,0,-2.151841280540134,1,0.004115226337448097,2.323591449432992
1,55,0.8754554081820409,2.124341052657736,6,1,0.2918382695661165,6.853575800576206,0.470734206613817,-2.746972405807374,0.9998197000149273,0.003242855308319914,2.323591449432992
1,56,0.8760615003327866,2.123938499667219,0,0,0.2920205001109283,0,0,0,1,1,2.323591449432992
1,57,1.000000000000001,1.999939731206853,1,1,0.3333400300004388,0.9999999999999991,0.5000150676523415,-0.2151776434147514,0.8888844243993066,0.5555644844001841,2.323591449432992
1,58,0.8760520006704061,2.1239479993296,1,1,0.2920173335568014,1.141484751173151,0.4708213196912723,-0.2886322514422817,0.9147258769023757,0.4987605440159787,2.323591449432992
1,59,1.001039863427938,1.998960136572065,6,0,0.333679954475979,5.993767300588547,0,-2.579527180671611,1,0.00138032293938628,2.323591449432992
1,60,0.8269931722870772,2.125372606698038,2,0,0.2801120302144129,2.418399651920866,0,-1.040802440769443,1,0.07846274947084009,2.323591449432992
1,61,1.000000000000001,1.941868905745906,8,0,0.3399199733362872,7.999999999999993,0,-3.442946048864215,1,0.0001782434058940074,2.323591449432992
1,62,0.9988732383820336,2.001126761617969,2,4,0.3329577461273442,2.002256065283702,1.998873872820472,-0.001454684971798655,0.6811257790665756,0.6480917007352442,2.325034305570698
1,63,0.8268518583937757,2.11485551141106,1,2,0.2810788955016394,1.209406485392169,0.9456910834847405,-0.113424305729845,0.8073974340124543,0.6284273852665133,2.325034305570698
1,64,1.000000000000001,2.000000000000002,4,0,0.3333333333333333,3.999999999999996,0,-1.720404722810386,1,0.01234567901234551,2.325034305570698
1,65,1.049605739570068,1.947742292410229,13,0,0.3501781335938527,12.38560300301423,0,-5.327062475310051,0.9999999999999998,0.000001190576504273011,2.325034305570698
1,66,1.000000000000001,1.999813197496642,9,0,0.3333540904595344,8.999999999999993,0,-3.87091062632337,0.9999999999999992,0.00005083374394354578,2.325034305570698
1,67,0.8276960306542126,2.124825934476835,4,11,0.2803352660637955,4.832692017187025,5.176894644176286,0.148041956269017,0.583395262508535,0.6426919641259258,2.325034305570698
1,68,1.836137770419767,1.163290590452917,9,0,0.6121625688321298,4.9015929768399,0,-2.108180926662398,0.9999999999999997,0.0120726034935732,2.325034305570698
1,69,0.8379578483855401,2.012836288105285,9,0,0.2939383933969436,10.74039704662942,0,-4.619457450970001,1,0.00001637973400214765,2.325034305570698
1,70,1.000000000000001,2.000000000000002,5,0,0.3333333333333333,4.999999999999996,0,-2.150505903512983,1,0.004115226337448097,2.325034305570698
1,71,0.8270630969926364,2.125819175476231,2,5,0.2800867155130907,2.418195186404027,2.352034480486746,-0.02845579773113989,0.6917346951089827,0.6268355828228054,2.325034305570698
1,72,0.8379125561058239,2.01277476609701,4,0,0.2939335189726586,4.773767824401501,0,-2.053203177675154,1,0.007464426675398261,2.325034305570698
1,73,1.154450429459969,1.845549570540036,7,14,0.384816809819989,6.063491182791169,7.585816292056239,0.6547538269081167,0.4039694033590754,0.7575950092970367,2.325034305570698
1,74,0.8380961200127515,2.161903879987255,6,1,0.2793653733375832,7.159083375673797,0.4625552547719629,-2.880184651408022,0.9998671969566538,0.00253079994942973,2.325034305570698
1,75,0.8379199262834608,2.012784777254152,5,0,0.2939343121873111,5.967157294107056,0,-2.566481397633559,1,0.002194074804435897,2.325034305570698
1,76,1.000000000000001,2.000000000000002,2,0,0.3333333333333333,1.999999999999998,0,-0.8602023614051932,1,0.1111111111111109,2.325034305570698
1,77,0.8760615003327866,2.123938499667219,0,0,0.2920205001109283,0,0,0,1,1,2.325034305570698
1,78,1.837467685140882,1.16250257295665,9,0,0.6124953006387919,4.898045322255534,0,-2.106655076236938,1,0.01213178900188994,2.325034305570698
1,79,0.8623080398515671,2.137691960148441,4,0,0.287436013283855,4.638713563065627,0,-1.995116180415677,1,0.006825975456970612,2.325034305570698
1,80,1.000000000000001,2.000000000000002,5,0,0.3333333333333333,4.999999999999996,0,-2.150505903512983,1,0.004115226337448097,2.325034305570698
1,81,1.000000000000001,2.000000000000002,16,3,0.3333333333333333,15.99999999999999,1.499999999999999,-6.236467120187651,0.9999993779368757,0.000007291818786114845,2.325034305570698
1,82,1.805075270025398,1.135214475200594,19,0,0.6139106776657683,10.5258768515136,0,-4.527192061766135,0.9999999999999982,0.00009418864612642519,2.325034305570698
1,83,1.000000000000001,2.000000000000002,4,0,0.3333333333333333,3.999999999999996,0,-1.720404722810386,1,0.01234567901234551,2.325034305570698
1,84,0.9527123463717909,1.999155088329063,5,0,0.3227490283513832,5.248173826067723,0,-2.257245759124194,1,0.003502069151762988,2.325034305570698
1,85,1.000000000000001,2.000000000000002,3,0,0.3333333333333333,2.999999999999997,0,-1.29030354210779,1,0.03703703703703698,2.325034305570698
1,86,0.8269676558606387,2.12540401226026,2,2,0.2801028287834032,2.418474272634723,0.9409975649161876,-0.635464476450328,0.9305620056431771,0.3134027969463598,2.325034305570698
1,87,0.8381051757904062,2.013036407813945,8,0,0.2939542464709493,9.545341361787084,0,-4.105462589913961,1,0.0000557491059776094,2.325034305570698
1,88,0.9959648904066771,2.004013151219149,7,10,0.3319907267944261,7.028360203683211,4.989987213365572,-0.8767066298479,0.8312332907915407,0.3217279968486711,2.325034305570698
1,89,0.9999477103637158,1.998853601889544,16,2,0.3334491372529007,16.00083667793013,1.000573527800822,-6.451630891720273,0.9999999039462524,0.000001683984611533518,2.325034305570698
1,90,0.8268391029465898,2.125415090850971,1,5,0.2800704304811251,1.209425142613986,2.352481650065873,0.4916299534648432,0.4642212527479951,0.8607676768104896,2.325034305570698
1,91,0.1757233904975896,2.824276609502408,0,6,0.05857446349919658,0,2.124437804644462,0.9137232081068161,0.6961708701009393,1,2.325034305570698
1,92,0.9999598687258812,2.000040131274122,5,2,0.3333199562419601,5.000200664423513,0.9999799347655609,-1.720499658896889,0.9931428306916561,0.04525978320963697,2.325034305570698
1,93,1.000100702948099,1.942274230253101,12.5,1.5,0.3398957392081996,12.49874133989955,0.7722905327351908,-5.043560337612312,0.9999959910483972,0.00005488273044573777,2.325034305570698
1,94,1.000000000000001,1.999963413320185,4,1,0.3333373985695575,3.999999999999996,0.5000091468372799,-1.505350198393574,0.995884522715923,0.04526949726659946,2.325034305570698
1,95,1.014598300218216,1.967505694620962,5,14,0.3402290134663571,4.928058719322334,7.115608375759789,0.9408676900793099,0.3284940679189388,0.8284940350618948,2.325034305570698
1,96,0.9998704994610366,2.000129500538966,4,2,0.3332901664870119,4.0005180692461,0.9999352539228429,-1.290554211666455,0.9821780086030465,0.1000945458100115,2.325034305570698
1,97,1.000000000000001,1.837801280641483,1,0,0.3523854918318846,0.9999999999999991,0,-0.4301011807025966,1,0.3523854918318845,2.325034305570698
1,98,0.1736988591803769,2.826301140819621,0,2,0.05789961972679232,0,0.7076386769670284,0.3043562304743426,0.8875531265109224,1,2.325034305570698
1,99,1.000309594328431,1.999690405671572,4,1,0.33343653144281,3.998762005962209,0.5000774105650431,-1.504788375386309,0.9958783994632701,0.04531847146569135,2.325034305570698
1,100,0.8759930811436523,2.123945547806154,4,1,0.2920036672384571,4.56624611095992,0.470821863127758,-1.761446804470658,0.9978770413822241,0.0278597401144689,2.325034305570698
1,101,0.8271742268481787,2.114521179347882,4,0,0.2811896245634102,4.835740609619076,0,-2.079857745768661,0.9999999999999998,0.006251686154444713,2.325034305570698
1,102,0.9998738987267981,2.000126101273204,7,15,0.3332912995755991,7.00088282023717,7.499527150038975,0.2144675149984115,0.540220708679236,0.637871992661368,2.325034305570698
1,103,0.9522062471532632,2.000265932713524,3,9,0.3225115053230496,3.150577943558831,4.499401730944227,0.5801307035142073,0.4245198400340648,0.7973895278756133,2.325034305570698
1,104,1.000000000000001,2.000000000000002,4,0,0.3333333333333333,3.999999999999996,0,-1.720404722810386,1,0.01234567901234551,2.325034305570698
1,105,0.9987703360337251,2.001229663966277,2,7,0.3329234453445747,2.002462355802753,3.497849410310338,0.6431677377510914,0.3781864655436335,0.8563557378351483,2.325034305570698
1,106,1.000000000000001,2.000000000000002,6,0,0.3333333333333333,5.999999999999995,0,-2.58060708421558,1,0.001371742112482699,2.325034305570698
1,107,1.000000000000001,2.000000000000002,2,0,0.3333333333333333,1.999999999999998,0,-0.8602023614051932,1,0.1111111111111109,2.325034305570698
1,108,1.000000000000001,1.999516984800151,12,0,0.333387010331141,11.99999999999999,0,-5.16121416843116,1.000000000000001,0.000001885315743299643,2.325034305570698
1,109,0.8379391950045443,2.01281095059816,7,0,0.2939363859358455,8.35382810797153,0,-3.592991332625097,1,0.0001895716762885247,2.325034305570698
1,110,0.8758811412218019,2.124118858778203,7,0,0.2919603804072668,7.991951956215678,0,-3.437347972486793,0.9999999999999999,0.0001808287357084604,2.325034305570698
1,111,1.000000000000001,2.000000000000002,6,0,0.3333333333333333,5.999999999999995,0,-2.58060708421558,1,0.001371742112482699,2.325034305570698
1,112,0.1731104539652083,2.826889546034791,1,5,0.05770348465506945,5.776658642469852,1.76872846235304,-1.723815502641813,0.9572562726340321,0.299955721435076,2.325034305570698
1,113,0,3.000000000000006,0,0,0,null,0,null,1,1,2.325034305570698
1,114,0.8463558609495333,2.153644139050475,12,0,0.2821186203165104,14.17843315521807,0,-6.098160840572141,1,2.542032008223671e-7,2.325034305570698
1,115,0.872766215300619,2.127233784699389,4,0,0.2909220717668722,4.58312882634008,0,-1.971209119520976,1,0.007163193562572667,2.325034305570698
1,116,0.952787213418995,1.999773517005957,6,0,0.3226985997615242,6.297313729126901,0,-2.708482070152154,1,0.001129230203319787,2.325034305570698
1,117,1.000000000000001,2.000000000000002,2,0,0.3333333333333333,1.999999999999998,0,-0.8602023614051932,1,0.1111111111111109,2.325034305570698
1,118,0.8269419011029636,2.125423877882151,2,0,0.2800946640789298,2.418549594998666,0,-1.040221036396714,1,0.07845302084548855,2.325034305570698
1,119,0.9355457615374946,2.064454238462507,2,4,0.3118485871791647,2.137789600706608,1.937558084590425,-0.08611981149544128,0.722066217437459,0.6050596174987535,2.325034305570698
1,120,0.952365778985113,2.000000000000002,0,0,0.3225771636306162,0,0,0,1,1,2.325034305570698
1,121,0.9289703269965115,1.233233077885638,6,0,0.4296405809457805,6.458763886892731,0,-2.777921973631858,0.9999999999999999,0.006289726641049764,2.325034305570698
1,122,1.837741032394961,1.162155759538568,8,0,0.6126014192676538,4.35317047341231,0,-1.872303760414318,1.000000000000001,0.01983462477838926,2.325034305570698
1,123,1.000000000000001,2.000000000000002,17,0,0.3333333333333333,16.99999999999999,0,-7.311720071944143,1,7.743523822156817e-9,2.325034305570698
1,124,0.8381914703544945,2.161808529645512,10,0,0.2793971567848308,11.93044829693951,0,-5.13129989882497,1,0.000002898810482432346,2.325034305570698
1,125,1.000000000000001,2.000000000000002,3,0,0.3333333333333333,2.999999999999997,0,-1.29030354210779,1,0.03703703703703698,2.325034305570698
1,126,1.000519228970342,1.999480771029661,5,1,0.3335064096567804,4.997405202442353,0.5001298409511764,-1.934283442922054,0.9986239788469085,0.01787542120341057,2.325034305570698
1,127,1.146655385317932,1.030788733590622,11,1,0.5266061137278205,9.593117636603642,0.9701308982264742,-3.708756777358856,0.9995451892074667,0.005361050419834368,2.325034305570698
1,128,1.000000000000001,1.942428241984184,12,0,0.339855356787109,11.99999999999999,0,-5.16121416843116,1,0.000002374266340754438,2.325034305570698
1,129,0.8380977408640625,2.000000000000002,7,0,0.295302634858834,8.352247785303819,0,-3.592311633979823,1,0.0001958264062955628,2.325034305570698
1,130,0.826916318897355,2.114781727103622,4,1,0.2811016990752966,4.837248834723407,0.4728620392278436,-1.877127913785466,0.9982448374118561,0.02419870182348438,2.325034305570698
1,131,0.8759193150184185,2.124080684981588,5,4,0.2919731050061389,5.708288325500463,1.883167634959532,-1.645188925331587,0.9779128546224934,0.0892739222553427,2.325034305570698
1,132,0.9950667382194146,2.004933261780586,2,10,0.3316889127398048,2.009915439017514,4.9876971920347,1.280747447847341,0.1842788591260047,0.9447813921035008,2.325034305570698
1,133,1.048442171043064,1.94852978897574,9,13,0.3498338272862871,8.584164438031113,6.671696821650109,-0.8225545798609514,0.79203672312391,0.3527725139870567,2.325034305570698
1,134,1.70379449903154,1.17294387965216,10,0,0.5922660578579065,5.869252427850973,0,-2.524372399060288,1.000000000000001,0.005310903911785902,2.325034305570698
1,135,1.000087355386964,1.837813510317782,6,2,0.352403907928126,5.999475913459997,1.088249699314799,-2.112324193401395,0.9962652698144342,0.02622583372379017,2.325034305570698
1,136,0.9997146788411527,2.000285321158849,3,12,0.333238226280384,3.000856207770735,5.99914415861828,1.289567187745899,0.2094626177405867,0.9205316368304111,2.325034305570698
1,137,0.842399354890459,2.130899898799902,6,14,0.2833214160481494,7.122512576924049,6.56999421131168,-0.2376388014097494,0.6709046999303218,0.5181563945587278,2.325034305570698
1,138,0.8384315307160907,2.161568469283916,12,1,0.279477176905363,14.31243883415381,0.4626270294973723,-5.9568204096915,0.9999999365396425,0.000002190361311438238,2.325034305570698
1,139,0.9999680268402305,2.000031973159772,4,5,0.3333226756134098,4.00012789672834,2.499960034189201,-0.645223968930175,0.8551705674513963,0.3496664299650158,2.325034305570698
1,140,0.9873480689423221,2.01265193105768,2,2,0.3291160229807738,2.025628107160287,0.993713800750917,-0.4438275615705713,0.8926020387380493,0.3999102677610076,2.325034305570698
1,141,0.8753957742496817,2.124173041286783,4,9,0.2918405371183723,4.569361787733641,4.236942953832035,-0.1429737329488613,0.6786252330970617,0.5536848559150137,2.325034305570698
1,142,0.9996911984894078,2.000308801510595,0,10,0.3332303994964689,0,4.999228115403077,2.150173915036482,0.01736832398034038,1,2.325034305570698
1,143,0.827247296560968,2.114950686159256,3,16,0.2811664277589274,3.62648510605184,7.565188212050442,1.694040856326985,0.1747659944885627,0.9346971198829701,2.325034305570698
1,144,0.8832208940930372,2.116729558411902,4,15,0.2944118271538629,4.5288783663882,7.086403617500339,1.099994630180037,0.3004017051864665,0.8553648322252643,2.325034305570698
1,145,1.000000000000001,2.000000000000002,1,0,0.3333333333333333,0.9999999999999991,0,-0.4301011807025966,1,0.3333333333333333,2.325034305570698
1,146,1.000103627861956,1.999815692175759,4,3,0.33337684156432,3.99958553150266,1.50013824360787,-1.075015229627453,0.954707438909528,0.1733636040083755,2.325034305570698
1,147,1.000000000000001,1.94179653016354,6,0,0.3399283362212711,5.999999999999995,0,-2.58060708421558,0.9999999999999998,0.001542851800660272,2.325034305570698
1,148,0.9946447513476099,1.948486419921257,7,6,0.3379546114211384,7.037688572242443,3.079313224180681,-1.703111512098553,0.9623896904526335,0.110363578255432,2.324202097127686
1,149,1.000000000000001,2.000000000000002,2,0,0.3333333333333333,1.999999999999998,0,-0.8605103671800546,1,0.1111111111111109,2.324202097127686
1,150,0.8378441857209978,2.000000000000002,4,0,0.2952396716975249,4.774157376956484,0,-2.054105958710096,0.9999999999999998,0.007597992401645159,2.324202097127686
1,151,0.8280757970413992,2.120597666266492,7,4,0.2808299417842098,8.453332442525232,1.886260681896519,-2.825516666018193,0.9972917185998652,0.01486857891344828,2.324202097127686
1,152,0.935466140507093,2.064533859492907,0,3,0.3118220468356976,0,1.453112520390856,0.6252091942377355,0.3259134365548124,1,2.324202097127686
1,153,1.000000000000001,1.941756241058882,3,0,0.3399329917423925,2.999999999999997,0,-1.290765550770082,0.9999999999999998,0.03928076611586984,2.324202097127686
1,154,1.000000000000001,2.000000000000002,8,0,0.3333333333333333,7.999999999999993,0,-3.442041468720218,1,0.000152415790275473,2.324202097127686
1,155,1.000000000000001,1.837796595117854,0,0,0.3523860736602478,0,0,0,1,1,2.324202097127686
1,156,0.9999307827356707,1.99970752341926,6,4,0.3333504511807046,6.000415332334144,2.000292519358271,-1.721073575279592,0.9803325181513775,0.07658106601566317,2.324202097127686
1,157,1.000000000000001,1.999839244565198,2,0,0.3333511960054854,1.999999999999998,0,-0.8605103671800546,1,0.1111230198782875,2.324202097127686
1,158,0.8379482011810122,2.012823183986868,5,0,0.2939373551806807,5.966955944237307,0,-2.56731372526143,0.9999999999999997,0.002194188379018303,2.324202097127686
1,159,1.000000000000001,2.000000000000002,6,4,0.3333333333333333,5.999999999999995,1.999999999999998,-1.721020734360109,0.9803383630544132,0.07656353198191257,2.324202097127686
1,160,0.8387844128445352,2.161215587155471,16,0,0.2795948042815112,19.0752233291268,0,-8.193244763409387,1,1.394650728236968e-9,2.328164711289448
1,161,0.9580892214905746,2.041910778509427,4,14,0.3193630738301914,4.174976516046058,6.856323080981946,1.151699685135607,0.2710099097828804,0.8747631674745264,2.328164711289448
1,162,0.9999027666864985,2.000097233313504,3,1,0.3333009222288325,3.000291728306214,0.4999756928533561,-1.073942931670013,0.9876591219324908,0.1110823033414033,2.328164711289448
1,163,0.8760482983802934,2.123934014973161,2,2,0.2920178210654265,2.282979150462088,0.9416488393238868,-0.5761320514111344,0.9222085868303229,0.3342484466923898,2.328164711289448
1,164,1.000000000000001,1.942286921421222,7,0,0.3398716803312192,6.999999999999994,0,-3.006660124198456,1,0.0005238474700022255,2.328164711289448
1,165,0.8360138010102401,2.154022347285547,13,2,0.279599897642287,15.54998252934435,0.9284954738377517,-6.280263155182233,0.9999998021767317,0.000003675730037566716,2.328164711289448
1,166,1.000000000000001,1.941859656595848,5,0,0.3399210420381316,4.999999999999996,0,-2.147614374427468,1,0.004538269131436845,2.328164711289448
1,167,0.8412312885913744,2.15876871140863,6,0,0.2804104295304577,7.132402326650123,0,-3.063529952182748,0.9999999999999996,0.0004861440513841409,2.328164711289448
1,168,0.8390353132224295,2.160964686777577,12,0,0.2796784377408092,14.30213938661576,0,-6.143096026352258,0.9999999999999993,2.290381471148351e-7,2.328164711289448
1,169,0.9933851735688909,2.00434703284429,2,29,0.3313788908307748,2.013317747450054,14.46855236383255,5.349808179801933,0.0004971335638264351,0.9999377020028186,2.328164711289448
1,170,1.000000000000001,2.000000000000002,1,1,0.3333333333333333,0.9999999999999991,0.4999999999999996,-0.2147614374427469,0.8888888888888891,0.5555555555555555,2.328164711289448
1,171,0,3.000000000000006,0,0,0,null,0,null,1,1,2.328164711289448
1,172,1.000000000000001,2.000000000000002,4,2,0.3333333333333333,3.999999999999996,0.9999999999999991,-1.288568624656481,0.982167352537723,0.1001371742112481,2.328164711289448
1,173,0,1.140427067720442,0,0,0,null,0,null,1,1,2.328164711289448
1,174,1.000000000000001,2.000000000000002,15,6,0.3333333333333333,14.99999999999999,2.999999999999997,-5.154274498625925,0.9999274927925205,0.0004045128226440875,2.328164711289448
1,175,1.000000000000001,2.000000000000002,10,0,0.3333333333333333,9.999999999999991,0,-4.295228748854937,1.000000000000001,0.00001693508780764574,2.328164711289448
1,176,1.000000000000001,2.000000000000002,3,0,0.3333333333333333,2.999999999999997,0,-1.288568624656481,1,0.03703703703703698,2.328164711289448
1,177,0.5329947181909049,1.369720401896529,1,1,0.2801232368229736,1.87619120015712,0.7300760057420401,-0.521072004002398,0.9215309721918201,0.4817774458377675,2.199533242261478
1,178,0.5176860429308247,1.334663646579537,11,3,0.2794753311766238,21.24839977860841,2.247757333983262,-8.326799268103526,0.9999886156047298,0.0001220025020186588,2.281866276926915
1,179,0.5648171262151804,1.457589756186644,2,3,0.2792796697489477,3.540969115794928,2.058192291258015,-0.6591326474562191,0.863229079591395,0.4287683061654587,2.249587894423637
1,180,0.8275465247397705,2.125053696513101,2,7,0.2802772006799549,2.416782549632382,3.294034410276768,0.3769469397059803,0.5163353206259989,0.7665659293888546,2.327255558378177
1,181,0.8378715256426202,2.162116660436341,5,3,0.2792916083905428,5.967501994014133,1.387529199925116,-1.966508670963346,0.9922959060951859,0.0433292026575407,2.328986829153108
1,182,0.827069094100725,2.125308769853133,2,2,0.2801365991117088,2.41817765198276,0.9410397342585697,-0.6342405629925024,0.9305391146751991,0.3134616244966477,2.328986829153108
1,183,0.9997958720427463,2.000204127957257,3,1,0.333265290680915,3.000612508901952,0.499948973218682,-1.073713043105782,0.9876643982944902,0.111050638013011,2.328986829153108
1,184,0.9979034267725209,2.001390744838254,2,7,0.3327127549601431,2.004201956163754,3.49756788775683,0.6412084056894861,0.3787051755747147,0.8560586437782587,2.328986829153108
1,185,0.9989752724125872,2.001024727587416,2,2,0.332991757470862,2.002051557462354,0.9994878985885138,-0.4304720174129982,0.8891922785296531,0.4068001615891339,2.328986829153108
1,186,0.8760291190936805,2.123970880906326,2,10,0.2920097063645595,2.283029132717818,4.708162475246773,1.039780684312823,0.2724410833649874,0.9056374406302405,2.332350830436605
1,187,1.000000000000001,1.999699334329478,1,3,0.3333667439785362,0.9999999999999989,1.500225533157931,0.2144726799373883,0.592533195890159,0.8025087306275672,2.332350830436605
1,188,1.704603931437348,1.173248499419528,7,2,0.5923180470132045,4.106525786372846,1.704668704873274,-1.029800941674781,0.9354349203218936,0.2176139859003545,2.332350830436605
1,189,0.9996941060400469,2.000305893959956,0,1,0.3332313686800153,0,0.4999235382046116,0.2143431990079419,0.6667686313199848,1,2.332350830436605
1,190,0.1784555676860238,2.821544432313976,1,6,0.05948518922867461,5.603635756321194,2.126494954778842,-1.49083094882919,0.9391722253674395,0.3490322506779703,2.332350830436605
1,191,0.8270385265862119,2.114656879609848,3,1,0.2811434946134226,3.627400542491263,0.4728899565893162,-1.352502610128957,0.9937524152630395,0.07014544497083663,2.332350830436605
1,192,0.9865851203510334,2.013414879648969,6,9,0.3288617067836775,6.081583713592965,4.470017625760825,-0.6909621257666726,0.8075960532947946,0.367304866121841,2.332350830436605
1,193,1.000000000000001,1.99998000970185,2,1,0.3333355544923731,1.999999999999998,0.5000049976244896,-0.6431258037174092,0.962962222571683,0.2592622208095789,2.332350830436605
1,194,0.8378912359322305,2.000640491063984,4,4,0.295184735109127,4.773889293100954,1.999359713984752,-1.189585007070666,0.9456971207705689,0.1854548515455775,2.332350830436605
1,195,0.9391801433266538,2.060819856673346,5,7,0.3130600477755512,5.323792283650277,3.396706401742298,-0.8262418572540553,0.8603602501769635,0.3115472584538397,2.332350830436605
1,196,0.875782756817338,2.064215117877974,7,0,0.2978855067737422,7.992849762695191,0,-3.426950036156854,0.9999999999999997,0.0002081352389430302,2.332350830436605
1,197,0.9997906780921684,2.000179915107136,2,6,0.3332668261344344,2.000418731465333,2.999730151614197,0.4284567343420621,0.4683848013390655,0.8047987763931325,2.332350830436605
1,198,0.8269685633422378,2.11494819517326,3,14,0.2810985596205411,3.627707428049428,6.619547482038016,1.282757300036432,0.2528162620922901,0.8959333103330769,2.332350830436605
1,199,0.9637992824654538,1.978127598424697,7,10,0.3276081702526315,7.26292302489954,5.055285618563537,-0.9465288744415625,0.8411003280935372,0.3076926004138159,2.332350830436605
1,200,0.8269451649635243,2.114771910483503,3,1,0.2811096865383835,3.627810073878752,0.4728642342196462,-1.35268922603231,0.9937554198599298,0.0701223956591488,2.332350830436605
1,201,0.8378547723787423,2.162138010081935,3,1,0.2792855960445046,3.58057279005852,0.4625051663386208,-1.336877618508281,0.9939159307111649,0.06888539428703411,2.332350830436605
1,202,0.8269919263764247,1.335211478505726,3,0,0.3824764703029868,3.627604943067461,0,-1.555342745065669,1,0.0559518136350956,2.332350830436605
1,203,0.9355426964899389,2.064457303510062,4,0,0.3118475654966463,4.275593209168959,0,-1.833168987003807,1,0.009457349349853983,2.332350830436605
1,204,1.000000000000001,2.000000000000002,14,2,0.3333333333333333,13.99999999999998,0.9999999999999989,-5.573775535975627,0.9999992333910876,0.00001191728401250813,2.332350830436605
1,205,0.9996150512713289,2.000384948728674,4,13,0.3332050170904426,4.001540387885043,6.498749157386947,1.070683165205656,0.2817753561356446,0.8693451118806672,2.332350830436605
1,206,0.0004937386946101063,1.140851472137947,0,1,0.0004325936534573507,0,0.8765382912869518,0.3758175141785458,0.9995674063465426,1,2.332350830436605
1,207,1.000000000000001,1.999362113072172,14,0,0.3334042247322134,13.99999999999998,0,-6.002527500281444,1.000000000000001,2.096985270982898e-7,2.332350830436605
1,208,0.837889944340242,2.162110055659765,6,0,0.2792966481134134,7.160844977945671,0,-3.070226350383658,1,0.0004746727955480257,2.332350830436605
1,209,0.8391415957266588,2.160818416168704,11,1,0.2797175937010216,13.10863393736846,0.4627876144137444,-5.421931451276337,0.9999997705767641,0.000007318695757541072,2.332350830436605
1,210,1.000000000000001,2.000000000000002,5,0,0.3333333333333333,4.999999999999995,0,-2.143759821529088,1,0.004115226337448097,2.332350830436605
1,211,0.8394811443904109,2.160518855609596,12,0,0.2798270481301363,14.29454381457704,0,-6.128813739355484,0.9999999999999998,2.305028472537884e-7,2.332350830436605
1,212,0.8378572323227518,2.155723457643682,12,55,0.2798846328515522,14.32224911006971,25.51347660340342,4.798260770760102,0.04013000510973673,0.9797673018260634,2.332350830436605
1,213,0.9286315383654976,2.013582048701252,8,13,0.3156234280364738,8.61482694641295,6.456156086803077,-0.925534371347462,0.8120702022418528,0.3327181662214934,2.332350830436605
1,214,0.9993877025307729,2.000612297469229,6,45,0.3331292341769241,6.003676035642683,22.49311376168432,7.069878815338813,0.0003944543289726749,0.9999027483625524,2.332350830436605
1,215,0.8288601838974662,1.336905604718382,3,4,0.3827099810396373,3.619428292348899,2.991983866237585,-0.2690180301879623,0.7429133712534783,0.5419485702846034,2.332350830436605
1,216,0,3.000000000000006,0,0,0,null,0,null,1,1,2.332350830436605
1,217,0.9975082781589348,2.001840223127986,5,19,0.332574983444217,5.012489730138701,9.491266975498897,1.920284541636385,0.1399665859564666,0.939745620619209,2.332350830436605
1,218,0.9433106350823077,2.013532066281521,6,4,0.3190263163634678,6.360577074885279,1.986558876803475,-1.875368894336968,0.9847712770058807,0.06283888574334551,2.332350830436605
1,219,1.000000000000001,2.000000000000002,6,0,0.3333333333333333,5.999999999999994,0,-2.572511785834905,1,0.001371742112482699,2.332350830436605
1,220,0.8760615003327866,2.000000000000002,0,0,0.3046045782509927,0,0,0,1,1,2.332350830436605
1,221,1.000000000000001,1.999841456514136,4,0,0.3333509502072209,3.999999999999996,0,-1.71500785722327,1,0.01234828912649844,2.332350830436605
1,222,0.8448269166025142,2.155173083397492,2,0,0.2816089722008374,2.367348815119473,0,-1.015005454679525,0.9999999999999999,0.07930361322401214,2.332350830436605
1,223,0.9999785488385133,1.84007927457722,2,4,0.3520979539901904,2.000042903243298,2.173819386623463,0.07450700859940323,0.6428456368236763,0.684838688501504,2.332350830436605
1,224,0.924569657553978,2.031933398549506,8,7,0.3127240662394283,8.652674176183362,3.444994803962051,-2.232802760314776,0.9797966277834643,0.06283745681061448,2.332350830436605
1,225,1.000000000000001,2.000000000000002,9,0,0.3333333333333333,8.99999999999999,0,-3.858767678752357,1.000000000000001,0.00005080526342449154,2.332350830436605
1,226,0.9294170444283373,1.232786360453813,6,0,0.4298471838171,6.455659529775957,0,-2.767876704281015,0.9999999999999989,0.006307895857639023,2.332350830436605
1,227,0.9297805130289252,2.022689305982479,7,4,0.3149161786657145,7.528658540278776,1.977565208937061,-2.380042169857687,0.9940064969554054,0.02832169700299825,2.332350830436605
1,228,0.8379104642731673,2.162089535726839,5,0,0.2793034880910552,5.967224677564057,0,-2.558459301959741,1,0.001699737269704849,2.332350830436605
1,229,1.000000000000001,2.000000000000002,10,0,0.3333333333333333,9.99999999999999,0,-4.287519643058175,1.000000000000001,0.00001693508780764574,2.332350830436605
1,230,1.000000000000001,1.838034719789189,5,0,0.3523565067851889,4.999999999999995,0,-2.143759821529088,1,0.00543139613609589,2.332350830436605
1,231,0.9999847144275604,1.999459784514253,5,1,0.3333899709697409,5.000076429030459,0.500135090360389,-1.929358688215745,0.9986268588331831,0.01784663622268523,2.332350830436605
1,232,1.000000000000001,2.000000000000002,7,3,0.3333333333333333,6.999999999999992,1.499999999999998,-2.358135803681996,0.9965960473505063,0.01966163694558676,2.332350830436605
1,233,0.8379135076287972,2.16208649237121,9,5,0.2793045025429318,10.74096540759798,2.312580934038576,-3.613686398963253,0.9990985127865596,0.00492795796433354,2.332350830436605
1,234,1.000000000000001,1.942562399813805,8,0,0.3398398620410826,7.999999999999991,0,-3.43001571444654,1,0.0001779076201045005,2.332350830436605
1,235,0.9832937515188298,2.016706248481173,4,5,0.3277645838396097,4.067960356527702,2.479290181088898,-0.6811454583534554,0.8635664444925915,0.3360634557122645,2.332350830436605
1,236,0.9999049921823882,2.000095007817616,3,7,0.3333016640607956,3.000285050534865,3.499833744216972,0.2141824836826088,0.5593508377828642,0.7007844625280514,2.332350830436605
1,237,0.9991760918832181,2.000823908116785,4,3,0.3330586972944057,4.003298350004468,1.499382323366807,-1.073558914877716,0.9548905413469527,0.1728750769447998,2.332350830436605
1,238,0.8708534385827751,2.129131281620828,2,1,0.2902859580310369,2.296597695307715,0.4696751246070358,-0.7832966408225508,0.9755387816237501,0.2038753755374905,2.332350830436605
1,239,0.8381417055593727,2.0000903428925,9,2,0.2953041510529561,10.7380410022592,0.9999548305941175,-4.175223574680726,0.9999594185762819,0.0005070174453832843,2.332350830436605
1,240,0.9997943917730269,2.000205608226976,7,4,0.3332647972576753,7.00143955357287,1.999794412908223,-2.144465178820616,0.9911890689402733,0.03858605477032073,2.332350830436605
1,241,1.000000000000001,1.837883369160106,2,0,0.3523752987410327,1.999999999999998,0,-0.8575039286116349,1,0.124168351162832,2.332350830436605
1,242,0.9287270451994001,1.23347635968275,10,0,0.4295280652608259,10.76742628707768,0,-4.616555171102655,0.9999999999999989,0.0002137545942902941,2.332350830436605
1,243,0.9353580899621634,2.064641910037837,2,2,0.3117860299873877,2.138218529847647,0.9686909823327899,-0.5014372333067608,0.9071141215409071,0.3691417535025882,2.332350830436605
1,244,0.9999080279977303,2.000091972002273,3,1,0.333302675999243,3.000275941385691,0.4999770080567392,-1.072008079016529,0.9876588621883841,0.1110838620272194,2.332350830436605
1,245,0.9986693591688337,2.001287420093747,7,6,0.3328945823727222,7.009326896567565,2.998070112147579,-1.719834225655108,0.965616368598697,0.1029058128899727,2.332350830436605
1,246,0.8378962357755773,2.162103764224429,4,0,0.2792987452585252,4.773860806639741,0,-2.046802198169345,1,0.006085215160736013,2.332350830436605
1,247,1.000000000000001,1.99997960665387,3,1,0.3333355992760847,2.999999999999997,0.5000050983885193,-1.071877724820451,0.987653985289009,0.1111131252927146,2.332350830436605
1,248,0.8755191408310731,2.124067850396299,10,10,0.291879896596307,11.42179483421419,4.707947534790023,-2.877349535008324,0.9861440923973762,0.04014100734894843,2.333344356581533
1,249,0.8270840981570605,1.33511930672509,3,0,0.3825190989384,3.627200676067538,0,-1.554507231577927,1,0.05597052392574864,2.333344356581533
1,250,1.000000000000001,2.000000000000002,2,0,0.3333333333333333,1.999999999999998,0,-0.8571388078055046,1,0.1111111111111109,2.333344356581533
1,251,0.8282543520295691,2.113441054166492,4,0,0.281556802340931,4.829434327991551,0,-2.069747791134831,1,0.006284404008930822,2.333344356581533
1,252,0.8397867373295995,2.160213262670407,9,0,0.2799289124431992,10.71700659219589,0,-4.592981126839266,1,0.00001055430916674371,2.333344356581533
1,253,1.000000000000001,1.94186149432417,5,0,0.339920829695529,4.999999999999995,0,-2.142847019513761,1,0.004538254956576671,2.333344356581533
1,254,0.9999786652342252,1.941904296757704,6,1,0.3399110971284685,6.00012801132574,0.5149584362471662,-2.35077585509694,0.9994757271076002,0.007651039417275185,2.333344356581533
1,255,1.837412316008269,1.162234686198132,9,0,0.6125428474272985,4.898192921419113,0,-2.099215620533272,1,0.01214026753347497,2.333344356581533
1,256,0.9972382150483036,1.989154418925565,6,1,0.3339273622977432,6.016616601189291,0.5027261787650186,-2.363084731523468,0.999537018061637,0.006927433343016487,2.333344356581533
1,257,0.8268263215131872,1.335377083368963,1,0,0.3823998795146902,1.209443838422905,0,-0.5183306248867616,1,0.3823998795146902,2.333344356581533
1,258,0.8760236883871046,2.123976311612902,2,0,0.2920078961290342,2.283043285829759,0,-0.9784425000922417,0.9999999999999999,0.08526861140170494,2.333344356581533
1,259,1.000000000000001,1.999992768037708,14,0,0.3333341368866365,13.99999999999998,0,-5.999971654638532,0.9999999999999998,2.090822145417448e-7,2.333344356581533
1,260,0.952493034866495,1.999931611442476,4,0,0.3226138340422242,4.199505774402493,0,-1.799779686421844,0.9999999999999999,0.01083258102025342,2.333344356581533
1,261,0.9354062555443511,2.06459374445565,0,0,0.3118020851814503,0,0,0,1,1,2.333344356581533
1,262,0.9999760237101076,2.000023976289896,4,1,0.3333253412367022,4.000095907459075,0.4999940059993829,-1.500036585507472,0.9958852669781938,0.04526354311583125,2.333344356581533
1,263,0.9998201296192794,2.000179870380723,3,2,0.3332733765397595,3.000539708219685,0.9999100728972495,-0.8574086502403179,0.9547621119245989,0.2097877263197088,2.333344356581533
1,264,0.8757507939960605,2.124249206003946,4,0,0.2919169313320195,4.567509418687428,0,-1.95749478888708,0.9999999999999998,0.007261680553719785,2.333344356581533
1,265,0.8381275618913057,2.000000000000002,3,0,0.2953100393178887,3.57940740336739,0,-1.534024497186263,1,0.02575340361479506,2.333344356581533
1,266,0,3.000000000000007,0,0,0,null,0,null,1,1,2.333344356581533
1,267,0.9926247929532587,2.007331116386724,20,7,0.3308797938872525,20.14860009742047,3.487217401681233,-7.140558850108605,0.9999974976843562,0.00001569586308280968,2.333344356581533
1,268,0.8371703083267916,1.325033096555359,5,0,0.3871838821622894,5.97250039838756,0,-2.55963093554591,0.9999999999999999,0.00870134423518587,2.333344356581533
1,269,0.8272992414110268,2.125066537574088,2,1,0.2802156993214484,2.417504936410718,0.4705735007909775,-0.834395244803083,0.977997228427554,0.1915569712937331,2.333344356581533
1,270,0.9997543597127565,1.999812675331751,2,6,0.3332995555800013,2.000491401282439,3.000281013322738,0.4284792380602753,0.4683043410156547,0.804852428714097,2.333344356581533
1,271,0.9995790876409577,1.962203209463686,15,9,0.3374924242805146,15.00631634401289,4.586680908783092,-4.465536947360436,0.9989979287668138,0.003700562982210664,2.333344356581533
1,272,0.827074059807587,2.125303470442342,2,3,0.2801383127101541,2.418163133378027,1.411563121089529,-0.431397967234985,0.8621834868186071,0.4305633405602574,2.333344356581533
1,273,1.000000000000001,2.000000000000002,3,6,0.3333333333333333,2.999999999999997,2.999999999999997,0,0.6503073718437236,0.6228217243306403,2.333344356581533
1,274,1.000000000000001,1.941747369755032,3,0,0.3399340168640225,2.999999999999997,0,-1.285708211708257,1,0.0392811214890052,2.333344356581533
1,275,1.000000000000001,2.000000000000002,1,1,0.3333333333333333,0.9999999999999989,0.4999999999999994,-0.2142847019513761,0.8888888888888891,0.5555555555555555,2.333344356581533
1,276,0.935664431409009,2.064335568590992,1,1,0.3118881438030029,1.068759232937933,0.4844173666409032,-0.2504310453143402,0.9027257857551174,0.5265020733611232,2.333344356581533
1,277,1.000000000000001,2.000000000000002,2,1,0.3333333333333333,1.999999999999998,0.4999999999999994,-0.6428541058541284,0.962962962962963,0.2592592592592592,2.333344356581533
1,278,0.8759101714720867,2.000000000000002,9,0,0.3045679869144645,10.27502624484229,0,-4.4035618728372,1,0.00002255060900890893,2.333344356581533
1,279,0.8270734210934302,1.33512998378872,3,0,0.3825141608906629,3.627247501236176,0,-1.554527299412537,1,0.05596835633554065,2.333344356581533
1,280,0.954307040768551,1.998956746896815,3,0,0.3231364041215418,3.143642320383543,0,-1.347268915330242,1,0.03374097774862272,2.333344356581533
1,281,1.000000000000001,2.000000000000002,5,0,0.3333333333333333,4.999999999999995,0,-2.142847019513761,1,0.004115226337448097,2.333344356581533
1,282,0.9360111367319908,2.063988863268011,7,5,0.3120037122439968,7.478543497292082,2.422493691212686,-2.166868251494076,0.9877369323703836,0.04740082060475892,2.333344356581533
1,283,1.704352973914281,1.172645284380188,8,0,0.5924066756038457,4.693863373633748,0,-2.011646228039179,1,0.01516909077319606,2.333344356581533
1,284,1.805565372138452,1.1351522037738,10,1,0.61398802351101,5.538431426692866,0.880939134572009,-1.996058695315901,0.9953252445313648,0.03700376974654707,2.333344356581533
1,285,1.000000000000001,2.000000000000002,4,0,0.3333333333333333,3.999999999999996,0,-1.714277615611009,1,0.01234567901234551,2.333344356581533
1,286,0.8269661324907688,1.335237272391382,2,0,0.3824645408584222,2.418478727751678,0,-1.036485986704025,0.9999999999999999,0.1462791250140438,2.333344356581533
1,287,0.9291547479456432,2.023487518732289,10,5,0.3146858522048629,10.76246989224341,2.470981389167396,-3.553478285229815,0.9989439930608595,0.005378915024056408,2.333344356581533
1,288,1.000000000000001,2.000000000000002,4,0,0.3333333333333333,3.999999999999996,0,-1.714277615611009,1,0.01234567901234551,2.333344356581533
1,289,0,1.140427067720442,0,0,0,null,0,null,1,1,2.333344356581533
1,290,0.8383060377974715,2.013309245351342,11,0,0.293975853878787,13.12169959899241,0,-5.623558975331168,0.9999999999999999,0.000001417190607644336,2.333344356581533
1,291,1.000000000000001,2.000000000000002,2,11,0.3333333333333333,1.999999999999998,5.499999999999994,1.499992913659633,0.1387322393266611,0.9614632668537053,2.333344356581533
1,292,0.8762835279080565,2.123716472091951,4,7,0.2920945093026847,4.56473261519495,3.296108539905377,-0.5436934637235333,0.806764412599175,0.4072457904531245,2.333344356581533
1,293,1.000000000000001,1.999978367056246,5,0,0.3333357370110835,4.999999999999995,0,-2.142847019513761,0.9999999999999997,0.004115374714758535,2.333344356581533
1,294,1.027277359722347,1.962199705835566,9,10,0.3436311224988879,8.76102243938533,5.09632122064848,-1.570578816795743,0.9217708144981794,0.1698260854236756,2.333344356581533
1,295,0.8378297753411595,2.162170224658847,2,0,0.2792765917803859,2.387119745398893,0,-1.023046486330094,1,0.07799541471646831,2.333344356581533
1,296,0.92763134547393,2.024763907122279,9,3,0.3141961919421903,9.702130101481067,1.4816542261778,-3.523044445675681,0.9996837910144986,0.002433744054283982,2.333344356581533
1,297,1.000000000000001,2.000000000000002,3,0,0.3333333333333333,2.999999999999997,0,-1.285708211708257,1,0.03703703703703698,2.333344356581533
1,298,0.1735943199485925,2.826405680051407,0,1,0.05786477331619752,0,0.3538062518972195,0.1516305344726585,0.9421352266838025,1,2.333344356581533
1,299,0.8269699858550941,2.125395793130021,2,2,0.2801041767051533,2.418467458564391,0.9410012038532581,-0.633196832067983,0.9305610920495375,0.313405144981477,2.333344356581533
1,300,1.000000000000001,1.941738852701351,1,0,0.3399350010561668,0.9999999999999989,0,-0.4285694039027523,1,0.3399350010561668,2.333344356581533
1,301,0.9999597923809884,1.999899648589057,4,1,0.3333355485674481,4.000160836942917,0.5000250891115996,-1.500051091026783,0.9958846369178875,0.04526858366379427,2.333344356581533
1,302,1.805003236826724,1.135204757461196,15,0,0.6139032477747793,8.310234405103154,0,-3.561512205287206,1,0.000662977766862749,2.333344356581533
1,303,1.000000000000001,2.000000000000002,7,0,0.3333333333333333,6.999999999999992,0,-2.999985827319266,1,0.0004572473708274183,2.333344356581533
1,304,1.703545418893693,1.172983687610442,8,0,0.5922225556632809,4.696088470124452,0,-2.012599836315827,1,0.01513141535941565,2.333344356581533
1,305,0.9356248626451266,2.064375137354874,1,6,0.3118749542150421,1.068804432123444,2.90644848963252,0.7875580183121005,0.3048422496400416,0.9269413645413452,2.333344356581533
1,306,1.000000000000001,1.94181082689025,3,0,0.3399266842243176,2.999999999999997,0,-1.285708211708257,0.9999999999999999,0.03927857957130643,2.333344356581533
1,307,0.8268136387342915,2.114881767461769,0,0,0.2810670462321773,0,0,0,1,1,2.333344356581533
1,308,1.000000000000001,1.999979920914879,1,1,0.3333355643577237,0.9999999999999989,0.5000050198216769,-0.2142825506093921,0.8888874015343178,0.5555585302497652,2.333344356581533
1,309,0.8758429333710801,2.124157066628928,6,0,0.291947644457026,6.850543369581427,0,-2.935933288311467,1.000000000000001,0.000619198439691937,2.333344356581533
1,310,0.8380766672507193,2.012997683717354,7,0,0.2939511791287214,8.352457804323858,0,-3.579607862321971,0.9999999999999996,0.0001896384715471822,2.333344356581533
1,311,0.9999984461481912,2.000001553851812,8,1,0.33333281538273,8.000012430833786,0.4999996115373488,-3.214276023228878,0.9999491954470655,0.0009652886372228942,2.333344356581533
1,312,0.8618857794158825,2.138114220584126,2,0,0.2872952598052934,2.320493095216678,0,-0.9944923425774652,1,0.08253856630659095,2.333344356581533
1,313,0.8269154720298951,2.114779934166165,3,0,0.281101663444887,3.627940341514788,0,-1.554824229557742,0.9999999999999999,0.02221213205565542,2.333344356581533
1,314,0.8271438060160865,2.125221972969029,7,0,0.2801630515783921,8.462857303756273,0,-3.626921709984884,0.9999999999999997,0.0001354802577347991,2.333344356581533
1,315,0.8380080366820251,2.000000000000002,9,0,0.2952803606792309,10.73975380431223,0,-4.602729885976412,1,0.00001706518748700869,2.333344356581533
1,316,1.000000000000001,2.000000000000002,3,0,0.3333333333333333,2.999999999999997,0,-1.285708211708257,1,0.03703703703703698,2.333344356581533
1,317,1.000000000000001,1.947831621415921,9,0,0.3392324014489249,8.99999999999999,0,-3.85712463512477,1,0.00005949437971852767,2.333344356581533
1,318,1.703303958427127,1.173092127597743,9,0,0.5921659978271852,5.283848461381385,0,-2.264495785406698,0.9999999999999988,0.00895346621558435,2.333344356581533
1,319,0.8378155034932634,2.162184496506743,2,0,0.2792718344977538,2.387160409017284,0,-1.023063913512789,0.9999999999999999,0.07799275754374091,2.333344356581533
1,320,0.8269533733794636,2.125412405605651,3,0,0.2800985498699729,3.627774063899237,0,-1.554752968059163,1,0.02197518708851931,2.333344356581533
1,321,0.8378107636961196,2.162189236303887,2,0,0.2792702545653726,2.387173914043214,0,-1.023069701353701,0.9999999999999999,0.07799187508500816,2.333344356581533
1,322,0.9294850419707844,2.02296880945684,6,4,0.3148178053727556,6.455187258611733,1.977291978650915,-1.919088910871758,0.9859130503728178,0.05914779053492036,2.333344356581533
1,323,1.000000000000001,2.000000000000002,3,0,0.3333333333333333,2.999999999999997,0,-1.285708211708257,1,0.03703703703703698,2.333344356581533
1,324,0.8378361683360646,2.000000000000002,3,0,0.2952376806259822,3.580652296209621,0,-1.53455802016958,0.9999999999999998,0.02573447747834634,2.333344356581533
1,325,0.837801308113343,2.000000000000002,1,0,0.295229023158897,1.19360042806798,0,-0.5115406239551648,1,0.295229023158897,2.333344356581533
1,326,1.000000000000001,2.000000000000002,5,1,0.3333333333333333,4.999999999999995,0.4999999999999994,-1.928562317562386,0.9986282578875173,0.01783264746227697,2.333344356581533
1,327,1.000000000000001,1.997905330578932,18,0,0.3335662369988477,17.99999999999998,0,-7.714249270249541,1.000000000000002,2.6138293751643e-9,2.333344356581533
1,328,0.8268369449963683,2.114865641982035,1,1,0.2810742828511639,1.209428299075814,0.4728432767307185,-0.3155652547378522,0.9209972475197039,0.4831458132220317,2.334176565024545
1,329,0.8760720408880124,2.123927959111995,1,1,0.2920240136293368,1.14145863961869,0.4708257621026354,-0.2873102607424227,0.914721975463813,0.4987700027224865,2.334176565024545
1,330,1.000000000000001,2.000000000000002,0,0,0.3333333333333333,0,0,0,1,1,2.334176565024545
1,331,0.9292780219325559,2.023087757052564,8,0,0.3147570766966405,8.608833751779631,0,-3.688167330944437,1,0.00009633941952047476,2.334176565024545
1,332,1.000000000000001,2.000000000000002,6,3,0.3333333333333333,5.999999999999994,1.499999999999998,-1.927874723544179,0.9917187420616783,0.04242239496011713,2.334176565024545
1,333,0.1799424774480144,2.820011439742158,1,6,0.05998174719182113,5.557331510503967,2.127650943341066,-1.469332105614228,0.9382566561794242,0.3514342562469859,2.334176565024545
1,334,1.000000000000001,1.941806235226373,5,0,0.3399272147925985,4.999999999999995,0,-2.142083026160198,0.9999999999999999,0.004538681207111206,2.334176565024545
1,335,0.8759858191851471,2.12401418081486,3,0,0.291995273061715,3.424712973996129,0,-1.467203906213546,1,0.02489587890657541,2.334176565024545
1,336,0.8378722889131481,2.012720069831409,3,0,0.2939291850491592,3.580497934704907,0,-1.533944770226607,0.9999999999999999,0.02539382553938829,2.334176565024545
1,337,1.000000000000001,2.000000000000002,5,0,0.3333333333333333,4.999999999999995,0,-2.142083026160198,1,0.004115226337448097,2.334176565024545
1,338,0.1738094746070537,2.826190525392946,0,2,0.05793649153568459,0,0.7076663735265779,0.3031760253831254,0.8874836539800953,1,2.334176565024545
1,339,0,1.140427067720442,0,0,0,null,0,null,1,1,2.334176565024545
1,340,1.000000000000001,2.000000000000002,5,0,0.3333333333333333,4.999999999999995,0,-2.142083026160198,1,0.004115226337448097,2.334176565024545
1,341,0.83137899906215,2.120996697298005,4,2,0.2815966139021935,4.811283427308439,0.9429529063142128,-1.657257029719835,0.9918690625158304,0.05680949646396483,2.334176565024545
1,342,0.9997953988154756,2.000204601184528,3,1,0.3332651329384915,3.000613929164207,0.4999488549360384,-1.07132644192316,0.9876644216494137,0.1110504978405058,2.334176565024545
1,343,1.000000000000001,2.000000000000002,9,3,0.3333333333333333,8.99999999999999,1.499999999999998,-3.213124539240297,0.999456195513707,0.003855554991052723,2.334176565024545
1,344,1.805351968327303,1.135215521581117,14,0,0.6139467890204855,7.75472054514184,0,-3.322251050472822,1.000000000000001,0.001081011346662608,2.334176565024545
1,345,0.9286494246720725,2.023781182660799,7,4,0.3145372569860274,7.537828392530218,1.976498266843719,-2.382566173021285,0.9940557293207166,0.02813410315874454,2.334176565024545
1,346,1.837768953418243,1.162179701971157,7,0,0.6126001357112214,3.808966294147057,0,-1.631824409181747,0.9999999999999999,0.03237722480907235,2.334176565024545
1,347,1.000000000000001,2.000000000000003,4,1,0.3333333333333333,3.999999999999995,0.4999999999999993,-1.500112277594259,0.9958847736625519,0.04526748971193373,2.333158692369995
1,348,0.8759858918182915,2.124014108181716,4,0,0.2919952972727631,4.566283586710701,0,-1.95712516325768,1,0.007269481370458242,2.333158692369995
1,349,0.998678388116278,1.939640410771924,6,0,0.3398808830730542,6.007940165118912,0,-2.584122406065787,1,0.001541559981982021,2.32494410907792
1,350,0.9986749353004081,1.997349870600816,4,0,0.3333333333333333,4.005307291302723,0,-1.727255058993636,1,0.01234567901234551,2.318885835909125
1,351,0.8258578595969313,2.122592483100583,2,0,0.2800989549111281,2.421724243171968,0,-1.045245330229426,0.9999999999999999,0.07845542454230625,2.316895539385392
1,352,0.8746843254360824,1.997453515017822,8,1,0.3045412072903332,9.146156810357294,0.5006374328521371,-3.734797999208779,0.9999774672298986,0.0004856409289966113,2.314855951871218
1,353,0.9513037348796122,1.997013765870169,5,0,0.322659867750908,5.255944885607699,0,-2.272492112196607,1,0.003497234526555593,2.312855062245855
1,354,0.9986703758651293,1.997340751730259,6,0,0.3333333333333334,6.0079883663339,0,-2.599809465185938,0.9999999999999999,0.001371742112482921,2.310934107590153
1,355,0.9986698029697934,1.997339605939587,2,1,0.3333333333333333,2.002663937622327,0.5006659844055817,-0.6502327843742477,0.962962962962963,0.2592592592592592,2.309938823927795
1,356,0.9982223999238263,1.996444799847653,5,2,0.3333333333333333,5.00890382782589,1.001780765565178,-1.751308383573651,0.993141289437586,0.04526748971193395,2.288073933663204
1,357,0.8256548557871697,2.12145841851963,5,0,0.2801571500441817,6.055799181648436,0,-2.648888246710799,0.9999999999999996,0.001725871885217667,2.28616635268328
1,358,1.833859921680208,1.160317174653239,7,1,0.6124754357134993,3.81708543670364,0.8618333175141102,-1.294852957114131,0.9801979842043034,0.1200348361932319,2.282307116767892
1,359,1.70050770116612,1.171311623399129,5,1,0.592136032590961,2.940298357114913,0.853743768970733,-0.9149959025121369,0.9568948721915562,0.2212502918515541,2.280397739941249
1,360,0.9285943996141847,2.018872685847378,8,7,0.3150482677803237,8.61517149287554,3.467281542353377,-2.257452662909055,0.9787674437081494,0.06540842496756993,2.280397739941249
1,361,0.8255812908323803,2.110879881522551,4,1,0.2811483763533965,4.8450710359086,0.4737360987488841,-1.916917764210877,0.9982433796934411,0.02421361216045215,2.280397739941249
1,362,1.017349391302145,1.960595460841937,12,1,0.3416280159015256,11.79535772330953,0.5100491253665205,-4.955166230930472,0.999999136633442,0.00002249336252269085,2.277483352122351
1,363,0.9929421894603845,1.985884378920769,2,0,0.3333333333333333,2.014215954593391,0,-0.8919504091975993,1,0.1111111111111109,2.258215180825338
1,364,0.8321022549959276,2.146652809077788,0,3,0.2793456451091862,0,1.397524549528256,0.620487960765645,0.3742665778758734,1,2.252299219156152
1,365,0.8321032047501074,2.146632109558031,6,1,0.2793478160859611,7.210644023179657,0.46584600852071,-2.999655242357442,0.9998672553694696,0.002529895840243435,2.248524403543849
1,366,0.9924937066134648,1.927858450303411,5,0,0.3398541180257101,5.037815319817733,0,-2.242414646366304,1,0.004533803394212721,2.246602932237
1,367,0.9924812896952574,1.984962579390515,7,0,0.3333333333333333,7.053029686987206,0,-3.144613013072389,1,0.0004572473708274183,2.242892736774681
1,368,0.9283732068916672,2.049070662194102,0,0,0.3118020851814501,0,0,0,1,1,2.242892736774681
1,369,0.9924716815148796,1.984943363029759,5,0,0.3333333333333334,5.037927119863155,0,-2.249044289075409,1,0.004115226337448541,2.240030196085764
1,370,0.9924716815148796,1.984943363029759,7,0,0.3333333333333334,7.053097967808417,0,-3.148662004705572,1,0.0004572473708274183,2.240030196085764
1,371,0.8315090713911615,2.14590597315348,4,0,0.2792721400782505,4.810530801916298,0,-2.147529444166527,1,0.006082896852936281,2.240030196085764
1,372,1.691660673928668,1.164064116644748,12,1,0.5923752455113123,7.093621188303395,0.8590592096270094,-2.783249078325229,0.9988939882976421,0.01099989362376197,2.240030196085764
1,373,0.8785478805407214,2.04101058715905,12,0,0.3009180635566794,13.65890267997043,0,-6.095141754852661,0.9999999999999991,5.512887141234657e-7,2.240949141026271
1,374,0.9924716815148796,1.927516050530338,9,0,0.3398889901567267,9.06826881575368,0,-4.048279720335735,0.9999999999999998,0.00006053880896972341,2.240030196085764
1,375,0.9924716815148796,1.927453382987891,4,0,0.3398962848671206,4.030341695890524,0,-1.799235431260327,1,0.01334706178108835,2.240030196085764
1,376,0,1.131841569545589,0,0,0,null,0,null,1,1,2.240030196085764
1,377,0.8208151260572926,2.098734260234706,1,0,0.2811444567134987,1.218301135364555,0,-0.5438771037521809,1,0.2811444567134987,2.240030196085764
1,378,0.9924716815148796,1.928189874091299,3,0,0.339810574631573,3.022756271917893,0,-1.349426573445245,1,0.03923834387504188,2.240030196085764
1,379,0,2.977415044544641,0,0,0,null,0,null,1,1,2.240030196085764
1,380,0.9278963484149217,2.049518696129714,2,3,0.3116449452067687,2.155413159472498,1.463758298797255,-0.3087703290267435,0.8211762282570377,0.4956037262076567,2.240030196085764
1,381,0.9924716815148796,1.984943363029759,1,1,0.3333333333333334,1.007585423972631,0.5037927119863155,-0.2249044289075408,0.888888888888889,0.5555555555555556,2.240030196085764
1,382,0.9924716815148796,1.984943363029759,1,0,0.3333333333333334,1.007585423972631,0,-0.4498088578150817,1,0.3333333333333334,2.240030196085764
1,383,0,1.131841569545589,0,0,0,null,0,null,1,1,2.240030196085764
1,384,0.8318879646512837,2.145527079893357,8,0,0.2793993958536307,9.616679576983053,0,-4.293102652717481,0.9999999999999999,0.00003713673354532876,2.240030196085764
1,385,0.9924716815148796,1.927813501685647,7,0,0.3398543701225668,7.053097967808417,0,-3.148662004705572,1,0.0005236607358060086,2.240030196085764
1,386,0.831494304965002,1.984943363029759,1,0,0.2952290811949717,1.202654057915755,0,-0.5368918954830504,1,0.2952290811949716,2.240030196085764
1,387,0.9924716815148796,1.984943363029759,6,0,0.3333333333333334,6.045512543835786,0,-2.69885314689049,0.9999999999999999,0.001371742112482921,2.240030196085764
1,388,0.9924716815148796,1.984943363029759,9,0,0.3333333333333334,9.06826881575368,0,-4.048279720335735,0.9999999999999998,0.00005080526342549074,2.240030196085764
1,389,0.8692659010619024,2.108149143482741,5,0,0.2919532171554689,5.751979910740729,0,-2.567813559295654,1,0.002121125311418726,2.240030196085764
1,390,0.9924716815148796,1.984281599135379,10,0,0.3334074368763535,10.07585423972631,0,-4.498088578150817,1.000000000000001,0.00001697277399381747,2.240030196085764
1,391,0.9924716815148796,1.984943363029759,2,1,0.3333333333333334,2.015170847945262,0.5037927119863155,-0.6747132867226225,0.9629629629629628,0.2592592592592594,2.240030196085764
1,392,0.8691710823231054,2.108243962221538,3,0,0.2919213711624251,3.451564439973834,0,-1.540856210780153,1,0.0248769807877578,2.240030196085764
1,393,0.9924716815148796,1.927152979080024,2,0,0.3399312572297061,2.015170847945262,0,-0.8996177156301634,0.9999999999999999,0.1155532596417688,2.240030196085764
1,394,0.9815674078780784,1.995799672359527,7,11,0.3296763151555184,7.131451129915143,5.51157521085034,-0.7231491441032263,0.7867784732306392,0.3786077043899126,2.240030196085764
1,395,0.9924716815148796,1.984943363029759,24,0,0.3333333333333334,24.18205017534314,0,-10.79541258756196,0.9999999999999994,3.541278381646862e-12,2.240030196085764
1,396,0.9924716815148796,1.984943363029759,5,0,0.3333333333333334,5.037927119863155,0,-2.249044289075409,1,0.004115226337448541,2.240030196085764
1,397,0.9924716815148796,1.984943363029759,4,0,0.3333333333333334,4.030341695890524,0,-1.799235431260327,1,0.01234567901234573,2.240030196085764
1,398,0.9924716815148796,1.984943363029759,5,1,0.3333333333333334,5.037927119863155,0.5037927119863155,-2.024139860167868,0.9986282578875171,0.0178326474622772,2.240030196085764
1,399,0.8320464253623556,2.145368619182285,11,0,0.2794526167545469,13.22041615070879,0,-5.901891936015053,1.000000000000001,8.116896093035564e-7,2.240030196085764
1,400,0.992392186444521,1.985022858100118,3,1,0.3333066339752763,3.022998408268617,0.5037725363813234,-1.124639246510782,0.9876582759728952,0.1110873797741054,2.240030196085764
1,401,0.9211111153189315,2.006456555639251,6,3,0.3146335862553965,6.513872105345858,1.495173165632888,-2.241015941481086,0.9942158034446316,0.03201902467663631,2.239474894764075
1,402,0.8307804434289134,2.143990244741802,2,0,0.2792754570066668,2.407374915742262,0,-1.07497294181361,1,0.07799478088628264,2.239474894764075
1,403,0.9915902293902379,1.983180458780476,2,0,0.3333333333333333,2.016962189340921,0,-0.9006406787843916,1,0.1111111111111109,2.239474894764075
1,404,0.820125755098142,1.323894015137298,3,0,0.382517813727101,3.657975598682423,0,-1.633407727514527,1,0.05596995976797259,2.239474894764075
1,405,0.9213150925726882,1.995641330053469,9,0,0.315848082414348,9.768644921324714,0,-4.362024751500429,1,0.00003128269791152771,2.239474894764075
1,406,0.9915902293902379,1.983180458780476,6,0,0.3333333333333333,6.050886568022762,0,-2.701922036353175,1,0.001371742112482699,2.239474894764075
1,407,0.1720505561082727,2.802720132062434,0,1,0.05783657772091089,0,0.3567962382544886,0.1593213833692368,0.9421634222790891,1,2.239474894764075
1,408,0.830829595176685,2.143941092994031,3,3,0.2792919798761327,3.610848743733084,1.399292177291344,-0.9875335381577136,0.9447696553565696,0.2183414214181404,2.239474894764075
1,409,0.9204063949919004,2.007173554612886,7,2,0.3143915489365721,7.605336119010342,0.9964260416861315,-2.951098086777368,0.999381032250473,0.005756456322624892,2.239474894764075
1,410,0.1727798109826914,2.801990877188016,2,1,0.05808172430559341,11.57542648429193,0.3568890991549432,-5.009449943540824,0.9998040620756401,0.009728584246213146,2.239474894764075
1,411,0.9915902293902379,1.983180458780476,3,0,0.3333333333333333,3.025443284011381,0,-1.350961018176587,1,0.03703703703703698,2.239474894764075
1,412,0.819860325695512,2.107064681230334,0,2,0.2801097820256804,0,0.949187757649747,0.4238438929898083,0.5182419259351134,1,2.239474894764075
1,413,0.8685215764772912,2.106249111693427,5,0,0.2919625300635771,5.75690936807801,0,-2.570651442236636,1,0.002121463637976495,2.239474894764075
1,414,0.9969763917883024,1.977794296382412,3,0,0.3351439476504243,3.0090983344338,0,-1.343662454742902,0.9999999999999997,0.0376438594027203,2.239474894764075
1,415,0.8309085773157036,2.143862110855012,10,0,0.279318530540805,12.0350183798867,0,-5.374035854576779,1,0.00000289066314962394,2.239474894764075
1,416,0.9915902293902379,1.983180458780476,2,0,0.3333333333333333,2.016962189340921,0,-0.9006406787843916,1,0.1111111111111109,2.239474894764075
1,417,1.790045391041314,1.126028610162998,11,0,0.6138545833548948,6.145095568554843,0,-2.744980480672962,0.9999999999999994,0.004663591815280088,2.238666399204524
1,418,0.8686667300524618,2.106094846538884,2,0,0.2920122193617381,2.302378957093491,0,-1.028460050104655,1,0.08527113625656779,2.238666399204524
1,419,0.9208846348653676,1.996100468179368,8,1,0.315697407540461,8.687298818021425,0.5009767874620531,-3.656785143810734,0.9999688513563775,0.0006388060828635966,2.238666399204524
1,420,1.816290157011012,1.158394737456832,10,1,0.6105823713929663,5.505728234775305,0.8632635902640792,-2.073763489799488,0.9956026921193509,0.035247005089454,2.238666399204524
1,421,0.820056648871612,2.096890839257485,3,0,0.2811352114527055,3.658283856521331,0,-1.634135330668851,1,0.02222008570886458,2.238666399204524
1,422,0.9910542757329345,1.983707300858407,2,2,0.3331541873915634,2.018052945204136,1.008213257638636,-0.4510898488154961,0.8890480655394839,0.4070889257561504,2.238666399204524
1,423,0.9214994277989905,2.00604702779899,7,1,0.3147685072723346,7.59631508043316,0.4984928000901292,-3.170558276510129,0.9999036325879714,0.001774654383415397,2.238666399204524
1,424,0.8685193468514179,2.106160805073816,4,0,0.2919706665905933,4.605539317576423,0,-2.063906348408654,1,0.007267028870260872,2.231467198658243
1,425,0.9915600506417434,1.983120101283487,5,0,0.3333333333333334,5.04255894210741,0,-2.259750421220373,1,0.004115226337448541,2.231467198658243
1,426,0.8200085574816615,1.323945960161028,3,0,0.3824747916682827,3.658498405447545,0,-1.639503555170948,1,0.05595107694472723,2.231467198658243
1,427,0.9446084216472537,1.982980587960808,4,1,0.3226574558611681,4.234558901163095,0.5042913713181363,-1.671665858269361,0.9965028961810218,0.04020379004046915,2.231467198658243
1,428,1.82109013581371,1.153285367692059,10,0,0.6122596604454512,5.491216389205108,0,-2.460809817194228,1,0.007402125822009165,2.231467198658243
1,429,0.8312121939228254,2.143459031738562,14,0,0.2794299372489522,16.84287129370463,0,-7.550551983351786,1.000000000000001,1.769379720517605e-8,2.230680794045452
1,430,0.9915570752204617,1.983053596891988,4,0,0.3333401189327063,4.034059258878915,0,-1.808443085916809,1,0.01234668431702357,2.230680794045452
1,431,0.9915570752204617,1.983114150440923,6,0,0.3333333333333333,6.051088888318373,0,-2.712664628875213,1,0.001371742112482699,2.230680794045452
1,432,0.0006929864551503148,2.973978239206235,0,3,0.0002329623688064004,0,1.008749815466272,0.4522161208179202,0.9993012756953333,1,2.230680794045452
1,433,0.8686363648105518,2.106034860850837,2,3,0.2920108808385771,2.302459442204215,1.424477844962168,-0.393593561026624,0.847327461929798,0.4552787355721791,2.230680794045452
1,434,0.8198729297341796,2.09698370252157,0,1,0.2810809830924502,0,0.4768754276905086,0.2139297910966568,0.7189190169075498,1,2.22912117683997
1,435,0.999602696628516,1.975050807613026,4,0,0.336040044732332,4.00158984513677,0,-1.795142357765168,1,0.01275158397860932,2.22912117683997
1,436,0.8307379560058468,2.143915548235699,1,0,0.2792721756740074,1.20374901949582,0,-0.5400105799552225,1,0.2792721756740073,2.22912117683997
1,437,0.8325768347470647,2.142058240015611,13,4,0.2798920922471439,15.61417452114119,1.867362859364108,-6.166919862680922,0.9999950267892943,0.00004637751091896014,2.22912117683997
1,438,0.8199876733932171,2.096853842757566,2,0,0.2811217780784044,2.439061055300669,0,-1.094180558976301,1,0.07902945410996365,2.22912117683997
1,439,0.1721539284072697,2.802499575834267,0,1,0.05787360718207908,0,0.3568243180562528,0.1600739886927508,0.9421263928179209,1,2.22912117683997
1,440,1.820108348363068,1.154336892076816,8,2,0.6119152316597687,4.395342731763677,1.73259644885967,-1.194527381718543,0.9459575692718979,0.1872705259738146,2.22912117683997
1,441,0.8200412600666487,2.096800256084135,3,0,0.2811401495508121,3.658352507477704,0,-1.641163587465366,0.9999999999999999,0.02222125660691676,2.22912117683997
1,442,1.819665730475991,1.153402300903169,7,2,0.6120498122714927,3.846860378125013,1.734000355672868,-0.9478443991310338,0.919191074402692,0.255134785818921,2.22912117683997
1,443,0.8675604916629495,2.107093012578598,3,0,0.2916509403283099,3.45797212854814,0,-1.551271489623639,1,0.02480790802009381,2.22912117683997
1,444,0.9215518830887997,1.99552543378628,8,4,0.3159161664168753,8.68100879267492,2.004484599532495,-2.995137394283404,0.9974600191308766,0.01329515170602746,2.22912117683997
1,445,0.819961203358055,2.107460533395569,5,0,0.280096712087461,6.097849483028082,0,-2.735539703441546,0.9999999999999998,0.001724011087171684,2.22912117683997
1,446,0.9915511680805144,1.983102336161029,4,0,0.3333333333333333,4.034083291680615,0,-1.809719154612932,1,0.01234567901234551,2.22912117683997
1,447,0.8686399670163296,2.106013537225217,2,1,0.2920138314522143,2.302449894021975,0.4748307559872347,-0.8198832602835866,0.9750993738575857,0.2060149809933783,2.22912117683997
1,448,0.8681384097537034,2.106515094487844,8,0,0.2918452211377991,9.215120434850537,0,-4.133970163037079,0.9999999999999999,0.00005262846342879435,2.22912117683997
1,449,0.9920918415258422,1.982561662715701,4,0,0.3335150934760044,4.031884783819994,0,-1.808732887969619,1,0.0123726284733966,2.22912117683997
1,450,0.9447451710354128,1.982873522953298,5,0,0.322700894407889,5.292432449821519,0,-2.374223754548928,0.9999999999999996,0.003499458483540385,2.22912117683997
1,451,0.9915511680805144,1.983102336161029,6,0,0.3333333333333333,6.051124937520922,0,-2.714578731919397,1,0.001371742112482699,2.22912117683997
1,452,0.8677296285676752,2.106923875673871,6,0,0.2917077996917568,6.914596208849003,0,-3.10193823498246,1,0.0006161525479402297,2.22912117683997
1,453,0.9915511680805144,1.983102336161029,6,0,0.3333333333333333,6.051124937520922,0,-2.714578731919397,1,0.001371742112482699,2.22912117683997
1,454,0.1720173825232136,2.802636121718323,1,1,0.05782770405962753,5.813365982737536,0.356806933390586,-2.447852142826186,0.9966559566431921,0.1123113647624473,2.22912117683997
1,455,0.830767161077915,2.143886343163631,3,0,0.279281993648446,3.611120107476949,0,-1.619974788717461,0.9999999999999999,0.02178355758378014,2.22912117683997
1,456,0.9915511680805144,1.822462646855258,4,0,0.352361869304876,4.034083291680615,0,-1.809719154612932,0.9999999999999999,0.01541542920618644,2.22912117683997
1,457,0.8359295051611344,1.308005806577424,4,0,0.3899042571780131,4.785092493210844,0,-2.146627353831993,0.9999999999999998,0.02311170089032089,2.22912117683997
1,458,0.1722594783371969,2.80239402590434,0,1,0.05790909028280886,0,0.356837757558842,0.1600800177515247,0.9420909097171911,1,2.22912117683997
1,459,0.8214668982293105,2.095380132696626,4,1,0.2816283780121786,4.86933802034152,0.4772403748588859,-1.970327002011136,0.9982283331066785,0.02436731632255651,2.22912117683997
1,460,0.9965344322300855,1.978119072011458,20,0,0.335008575220318,20.06955239393302,0,-9.003347418906975,1.000000000000001,3.170426143839222e-10,2.22912117683997
1,461,0.9915511680805144,1.983102336161029,2,0,0.3333333333333333,2.017041645840307,0,-0.9048595773064658,1,0.1111111111111109,2.22912117683997
1,462,0.9915511680805144,1.983102336161029,8,0,0.3333333333333333,8.06816658336123,0,-3.619438309225863,1,0.000152415790275473,2.22912117683997
1,463,1.8207130213326,1.153863634458737,9,0,0.6120914778873732,4.943118379750369,0,-2.217518917817557,0.9999999999999989,0.0120599913406072,2.22912117683997
1,464,0.9915511680805144,1.983102336161029,4,0,0.3333333333333333,4.034083291680615,0,-1.809719154612932,1,0.01234567901234551,2.22912117683997
1,465,0.9915511680805144,1.983039176212209,11,1,0.3333404110528969,11.09372905212169,0.5042764721925937,-4.75050557589733,0.9999981178440744,0.00004705245948066761,2.22912117683997
1,466,0.8686152485426594,2.106038255698888,3,0,0.2920055217537452,3.453773123409155,0,-1.549387785326801,0.9999999999999997,0.02489850044714348,2.22912117683997
1,467,0.8198678791317269,2.096973637019056,1,0,0.2810807082222511,1.21970871826207,0,-0.5471702170947672,1,0.2810807082222511,2.22912117683997
1,468,0.9915511680805144,1.92536592033577,3,0,0.3399312143695071,3.025562468760461,0,-1.357289365959699,1,0.03928014996911156,2.22912117683997
1,469,0.1717231388086283,2.802930365432908,0,0,0.05772878708857001,0,0,0,1,1,2.22912117683997
1,470,0.1717231388086283,2.802930365432908,0,0,0.05772878708857001,0,0,0,1,1,2.22912117683997
1,471,0.830831643139834,2.14379711687823,3,1,0.279305994182208,3.610839843151089,0.4664620509687908,-1.4105907856655,0.993914153071619,0.06889915552851633,2.22912117683997
1,472,0.8667661653950076,2.107887338846539,2,1,0.2913839088011727,2.307427400662956,0.4744086562743964,-0.822305563032275,0.9752601709318913,0.2052340887885327,2.22912117683997
1,473,0.8201485567538808,2.096692959396902,2,0,0.281176934781219,2.438582600103486,0,-1.093965920489101,1,0.07906046865296168,2.22912117683997
1,474,0.8685653281013511,2.106088176140196,3,0,0.2919887398188956,3.453971627624003,0,-1.549476835763768,0.9999999999999997,0.02489420784682339,2.22912117683997
1,475,0.8198812487798939,2.09696026737089,1,0,0.2810852918268429,1.21968882870312,0,-0.5471612944937186,1,0.2810852918268429,2.22912117683997
1,476,0.8682003092856988,2.106453194955848,7,0,0.2918660301267813,8.062655501423588,0,-3.616965997718127,1,0.0001804200741920559,2.22912117683997
1,477,0.9924024939469956,1.982251010294547,8,1,0.3336195266211457,8.061245360420548,0.5044769783476655,-3.390021350380534,0.9999488008022288,0.0009715988936157549,2.22912117683997
1,478,1.78987704183593,1.125591928024009,7,0,0.6139242298030415,3.910883170399175,0,-1.754450682642247,0.9999999999999994,0.03287028112350576,2.22912117683997
1,479,0.9915329665321403,1.983105423331501,20,2,0.3333289081156491,20.17078672628451,1.008519252920058,-8.596332793594076,0.9999999985664044,3.087068189966402e-8,2.22912117683997
1,480,0.9916597902875686,1.982993713953974,2,0,0.3333698492525486,2.01682070765421,0,-0.9047604628265568,1,0.1111354563906669,2.22912117683997
1,481,0.8198944936492708,2.096947022501512,2,0,0.2810898326526998,2.439338250825657,0,-1.094304910908295,1,0.07901149402072272,2.22912117683997
1,482,0.9443330973789485,1.983162604520847,3,4,0.3225736921718192,3.176845128405088,2.016980347895599,-0.5203237906311253,0.8428295280270773,0.4045724192735706,2.22912117683997
1,483,0.9210928186889864,2.006328918064642,6,0,0.3146430208960717,6.514001497199756,0,-2.922228528838474,0.9999999999999997,0.0009703057803068793,2.22912117683997
1,484,1.820895727107659,1.153626958598055,9,0,0.6121640073071577,4.942622395130636,0,-2.217296415503691,0.9999999999999997,0.01207285881254372,2.22912117683997
1,485,0.9219471280331333,2.005480782081168,0,1,0.3149341867131191,0,0.4986335490895405,0.2236906428731746,0.685065813286881,1,2.22912117683997
1,486,0.8198280292718858,2.107593707481738,0,0,0.2800512201501371,0,0,0,1,1,2.22912117683997
1,487,0.00004469152507867379,2.974608812716466,0,1,0.00001502411121663359,0,0.336178658425604,0.1508121953702737,0.9999849758887833,1,2.22912117683997
1,488,1.822027072072454,1.152579781870643,9,0,0.6125270200521459,4.939553389710617,0,-2.215919637313297,1,0.01213744461520827,2.22912117683997
1,489,0.9915511680805144,1.983094814052752,5,0,0.3333341762468904,5.042604114600769,0,-2.262148943266165,0.9999999999999997,0.004115278369413056,2.22912117683997
1,490,0.9915511680805144,1.983102336161029,8,0,0.3333333333333333,8.06816658336123,0,-3.619438309225863,1,0.000152415790275473,2.22912117683997
1,491,0.9915511680805144,1.983060224700519,1,0,0.333338052320673,1.008520822920154,0,-0.4524297886532329,1,0.333338052320673,2.22912117683997
1,492,0.9915511680805144,1.983102336161029,6,0,0.3333333333333333,6.051124937520922,0,-2.714578731919397,1,0.001371742112482699,2.22912117683997
1,493,0.990588693617475,1.984064810624068,3,4,0.333009774820832,3.028502161724125,2.01606317423766,-0.4541875058231293,0.8271999839455983,0.4286096323115813,2.22912117683997
1,494,0.9216772956186888,1.995224412797559,4,1,0.3159781808757348,4.339913784373894,0.5011967544031163,-1.722076426285892,0.9968501819137334,0.03724306293164548,2.22912117683997
1,495,0.1723640839355565,2.80228942030598,0,2,0.05794425592418875,0,0.7137021556401628,0.3201719866355205,0.8874690249462305,1,2.22912117683997
1,496,0.9915511680805144,1.975322134536414,17,0,0.3342074524065175,17.14485398964261,0,-7.69130640710496,1,8.096068926377598e-9,2.22912117683997
1,497,0.8684705352631091,2.106182968978437,5,1,0.2919568729684854,5.757247709601588,0.4747925582576666,-2.369747865763132,0.9993806841132596,0.009630969271216983,2.22912117683997
1,498,0.9915511680805144,1.925879469895299,14,0,0.3398713769484774,14.11929152088215,0,-6.334017041145262,0.9999999999999997,2.744127428622178e-7,2.22912117683997
1,499,0.8307480023334902,1.995653479233564,2,0,0.2939242735865306,2.407468924851092,0,-1.080008099094886,1,0.08639147860336971,2.22912117683997
1,500,0.8686346748705372,2.10601882937101,2,0,0.2920120523724711,2.302463921668892,0,-1.03290208966248,1,0.08527103873078268,2.22912117683997
1,501,0.8206657985333177,2.096175717617466,3,0,0.2813542641892698,3.655568448644452,0,-1.639914638389749,1,0.02227206600753462,2.22912117683997
1,502,0.9915511680805144,1.983102336161029,3,0,0.3333333333333333,3.025562468760461,0,-1.357289365959699,1,0.03703703703703698,2.22912117683997
1,503,0.8199081066712948,2.10751363008233,2,0,0.2800785743910391,2.439297750231673,0,-1.09428674204677,1,0.07844400783291683,2.22912117683997
1,504,0.8307479702569717,2.143905533984575,2,0,0.2792755422009359,2.407469017807348,0,-1.08000814079574,1,0.07799482847162664,2.22912117683997
1,505,0.9198274992467582,2.007643570395831,6,2,0.314205495926236,6.522962191186247,0.9961927652355523,-2.479349029282254,0.998246254868159,0.01442526460987392,2.22912117683997
1,506,0.8307483583870452,1.995653962872937,2,0,0.2939243122389971,2.407467893024955,0,-1.080007636210164,0.9999999999999999,0.0863915013251676,2.22912117683997
1,507,0.8308122101995822,2.143841294041964,6,0,0.2792971379741979,7.221848603499277,0,-3.239773897683328,0.9999999999999998,0.0004746777907662647,2.22912117683997
1,508,0.9215296993435145,1.222405612395043,9,0,0.429830925540486,9.766369989389903,0,-4.381264729284403,1,0.0005008168481331898,2.22912117683997
1,509,0.9914881242503005,1.983165379991243,8,1,0.3333121396614909,8.068679598204048,0.5042443812751591,-3.393460748353001,0.9999492238014341,0.0009648349451537586,2.22912117683997
1,510,0.8686151904870623,2.04708973895699,3,0,0.2979091545634161,3.453773354248844,0,-1.549387888883168,1,0.02643939706288545,2.22912117683997
1,511,0.9945853619440594,1.980068142297483,19,1,0.3343533492307206,19.10343820349596,0.5050331241831378,-8.343380015651794,0.9999999996951289,1.244383518450576e-8,2.22912117683997
1,512,0.8309815016310246,2.143672002610522,5,4,0.2793540492854484,6.016981112318573,1.865957103105736,-1.862179612459373,0.9823260834100098,0.0754879411288718,2.22912117683997
1,513,0.937352085207056,1.98951886897519,4,6,0.3202574011224037,4.267339949552063,3.015804521165776,-0.5614479111272358,0.8128498120552181,0.4050630780823675,2.22912117683997
1,514,0.1717231388086283,2.802930365432908,0,0,0.05772878708857001,0,0,0,1,1,2.22912117683997
1,515,0.9915511680805144,1.983102336161029,3,0,0.3333333333333333,3.025562468760461,0,-1.357289365959699,1,0.03703703703703698,2.22912117683997
1,516,0.9915511680805144,1.983102336161029,3,0,0.3333333333333333,3.025562468760461,0,-1.357289365959699,1,0.03703703703703698,2.22912117683997
1,517,0.9915511680805144,1.983064572129087,7,0,0.3333375651440096,7.059645760441076,0,-3.167008520572631,1.000000000000001,0.0004572880070449203,2.22912117683997
1,518,0.9915511680805144,1.983102336161029,7,0,0.3333333333333333,7.059645760441076,0,-3.167008520572631,1,0.0004572473708274183,2.22912117683997
1,519,0.8686101304141051,2.106043373827442,2,0,0.2920038011740047,2.30252898276297,0,-1.03293127654328,1,0.08526621990006766,2.22912117683997
1,520,0.8684173478708835,2.106236156370664,1,3,0.2919389927709599,1.151520064001163,1.424341705903205,0.1223897761757381,0.6658900078201824,0.748647786488758,2.22912117683997
1,521,0.9915511680805144,1.983102336161029,5,2,0.3333333333333333,5.042604114600769,1.008520822920154,-1.809719154612932,0.993141289437586,0.04526748971193395,2.22912117683997
1,522,0.9914634598290509,1.925508202539378,3,6,0.3398947863017752,3.025830120373032,3.116060472807722,0.04047799346763264,0.6341030589020733,0.6387895495183358,2.22912117683997
1,523,0.8199680979436791,2.096880944862351,3,1,0.2811143415069789,3.658678926074585,0.4768987969727793,-1.427369746499083,0.9937550062271326,0.0701255690096304,2.22912117683997
1,524,0.8686598039653405,2.105993700276207,0,0,0.2920205001109278,0,0,0,1,1,2.22912117683997
1,525,0.9914546898033364,1.983150579615439,4,2,0.3333063045360174,4.034475847598678,1.008496288964516,-1.357476475515713,0.9821740253678798,0.1001104812673833,2.22912117683997
1,526,1.000681498161095,1.973972006080448,9,0,0.3364027093354666,8.993870693661144,0,-4.034715917243658,0.9999999999999998,0.00005517411349809098,2.22912117683997
1,527,0.9915511680805144,1.983102336161029,6,0,0.3333333333333333,6.051124937520922,0,-2.714578731919397,1,0.001371742112482699,2.22912117683997
1,528,0.9915456958142189,1.983091391628438,19,0,0.3333333333333334,19.16200138854714,0,-8.601781150568641,1,8.60391313750597e-10,2.227678320702264
1,529,0.8685458613174588,2.106091226125202,2,0,0.2919838070277543,2.302699361167053,0,-1.033676783477939,0.9999999999999999,0.08525454356642093,2.227678320702264
1,530,0.8684764692070398,2.106160618235621,5,0,0.2919604791029086,5.757208372686525,0,-2.584398438133381,1,0.002121389125378292,2.227678320702264
1,531,0.9915456958142189,1.822333866414164,3,0,0.352376736063639,3.025579166612706,0,-1.358175971142417,1,0.04375439524730262,2.227678320702264
1,532,1.820281673686841,1.154070680970799,16,1,0.6119926144044096,8.78984842361964,0.8664980546588396,-3.556774914639833,0.9997630345236052,0.002791006158822107,2.227678320702264
1,533,0.8684317768970694,2.106205310545592,8,0,0.2919454546449136,9.212007451620691,0,-4.135250303426508,1,0.00005277323827512781,2.227678320702264
1,534,0.9276174627052416,2.047019624737411,4,1,0.3118422299719024,4.312122357350483,0.4885151016215971,-1.716409061485823,0.997051000920171,0.03548751432154273,2.227678320702264
1,535,0.9914814112200134,1.983155676222643,1,1,0.3333117224301153,1.008591778608844,0.5042468485906867,-0.2263993527840973,0.8889032956906697,0.5555267405509003,2.227678320702264
1,536,0.9915456958142189,1.983091391628438,4,0,0.3333333333333334,4.034105555483608,0,-1.810901294856556,1,0.01234567901234573,2.227678320702264
1,537,0.9915456958142189,1.983091391628438,3,1,0.3333333333333334,3.025579166612706,0.504263194435451,-1.131813309285347,0.9876543209876543,0.1111111111111112,2.227678320702264
1,538,0.9915456958142189,1.983091391628438,2,4,0.3333333333333334,2.017052777741804,2.017052777741804,0,0.6803840877914951,0.6488340192043897,2.227678320702264
1,539,1.688866178278895,1.163304889915754,11,1,0.5921335494605884,6.513245478815841,0.8596198715131507,-2.537900357857958,0.9981420414556545,0.01721528374414771,2.227678320702264
1,540,0.8686550099235194,2.105982077519141,0,4,0.2920205001109278,0,1.899351396528513,0.8526147509168884,0.2512364974196717,1,2.227678320702264
1,541,0.8318160442115013,2.141491205731191,13,26,0.2797612134526406,15.62845546255725,12.14107250611966,-1.565478697722484,0.8233084504019356,0.279567157523788,2.227678320702264
1,542,0.8648303632444951,2.10959754049136,4,7,0.2907551943546104,4.625184510166377,3.318168449499417,-0.5867166944709187,0.8095887430702186,0.4033217252005245,2.227678320702264
1,543,0.9911695060157101,1.926335810751496,9,8,0.3397318593797776,9.080182496915265,4.152962300420021,-2.21181853354032,0.968815556767016,0.08412325392081632,2.227678320702264
1,544,1.789253242956026,1.125713131642795,5,0,0.613816083282359,2.794461890559159,0,-1.254427923722047,1,0.08713473573744945,2.227678320702264
1,545,0.8550205436824467,2.119616543760212,5,2,0.2874369271101642,5.847812706892095,0.9435668946289636,-2.20150538194271,0.9970248491702701,0.0238959719310482,2.227678320702264
1,546,0.8681951419923869,2.106423471618666,7,4,0.2918677164258167,8.062703488453039,1.898953393700189,-2.766894141524778,0.9964544151688468,0.01851738211406329,2.227678320702264
1,547,0.8683224550919301,2.106314632350731,8,0,0.2919087033364597,9.21316724344418,0,-4.135770931478015,1,0.00005272011516677111,2.227678320702264
1,548,0.9913706806042704,1.983266406838386,3,5,0.3332744975141044,3.02611329817764,2.521093476277211,-0.2267023102964092,0.741470916569301,0.5316340579256358,2.227678320702264
1,549,0.1724706726465849,2.802166414796065,0,2,0.05798040822346537,0,0.713733484720805,0.320393423991218,0.8874009112908289,1,2.227678320702264
1,550,1.821744991007206,1.152823051203333,6,1,0.612440181282047,3.293545490514961,0.8674358124225446,-1.089075408934086,0.9676819063871296,0.1754771550086468,2.227678320702264
1,551,0.9915456958142189,1.983091391628438,5,0,0.3333333333333334,5.042631944354509,0,-2.263626618570695,1,0.004115226337448541,2.227678320702264
1,552,0.8308726732706556,1.983091391628438,7,0,0.2952676914516497,8.424876909773827,0,-3.781909098580233,1,0.0001956642577515266,2.227678320702264
1,553,0.8308868637832771,1.983091391628438,6,0,0.2952712453215846,7.221199734317859,0,-3.241581007100439,0.9999999999999997,0.0006627152040115103,2.227678320702264
1,554,0.9915456958142189,1.822285141125057,2,0,0.3523828379437214,2.017052777741804,0,-0.905450647428278,0.9999999999999999,0.1241736644772712,2.227678320702264
1,555,0.9915456958142189,1.983091391628438,3,0,0.3333333333333334,3.025579166612706,0,-1.358175971142417,0.9999999999999999,0.0370370370370372,2.227678320702264
1,556,0.9915456958142189,1.983091391628438,3,3,0.3333333333333334,3.025579166612706,1.512789583306353,-0.6790879855712085,0.8998628257887515,0.3196159122085049,2.227678320702264
1,557,0.9915456958142189,1.983091391628438,7,1,0.3333333333333334,7.059684722096313,0.504263194435451,-2.942714604141903,0.9998475842097242,0.002591068434689814,2.227678320702264
1,558,0.9915456958142189,1.982985961846972,4,0,0.3333451480539459,4.034105555483608,0,-1.810901294856556,0.9999999999999996,0.01234742943438638,2.227678320702264
1,559,0.8686001103845442,2.106036977058116,2,0,0.2920020442329967,2.302555544362717,0,-1.033612224424237,1,0.08526519383624886,2.227678320702264
1,560,1.790167808815196,1.125506692872471,4,1,0.613980678494462,2.234427398539447,0.8884887191988545,-0.6051772302043931,0.9127483753899928,0.3615339767419914,2.224040516008862
1,561,0.9915318673307784,1.983063734661557,1,1,0.3333333333333334,1.008540454369881,0.5042702271849406,-0.226736079471194,0.888888888888889,0.5555555555555556,2.224040516008862
1,562,0.9914244675041309,1.983171134488204,2,1,0.3332972276433446,2.017299416701824,0.5042429181272192,-0.6803187656355518,0.9629749968893855,0.2592111196429893,2.224040516008862
1,563,0.9915318673307784,1.983063734661557,3,3,0.3333333333333334,3.025621363109644,1.512810681554822,-0.6802082384135819,0.8998628257887515,0.3196159122085049,2.224040516008862
1,564,1.822109419969113,1.152254978748326,11,0,0.6126046360542831,6.036959075809214,0,-2.71441056597422,1,0.004560191391237867,2.224040516008862
1,565,0,2.974595601992337,0,0,0,null,0,null,1,1,2.224040516008862
1,566,0.1749032514330131,2.799644189756939,0,6,0.0587999535697585,0,2.143129481222009,0.9636198017956742,0.6951709886877171,1,2.224040516008862
1,567,0.9915318673307784,1.983063734661557,5,0,0.3333333333333334,5.042702271849406,0,-2.267360794711939,1,0.004115226337448541,2.224040516008862
1,568,0.978475635297122,1.996119966695213,7,2,0.3289440872708059,7.153984981827773,1.00194378763277,-2.766155180138134,0.9991270080586219,0.007628756507709444,2.224040516008862
1,569,0.8686601581963268,2.105935443796013,1,1,0.2920263035467783,1.151198187880961,0.4748483639163552,-0.3041085893427629,0.9147206380368049,0.4987732451303615,2.224040516008862
1,570,0.9913387369646505,1.983256865027685,1,5,0.3332684067375976,1.008736935935611,2.521105605717998,0.6800094957336474,0.3512942433507106,0.9121571922829547,2.224040516008862
1,571,0.9915318673307784,1.983063734661557,2,0,0.3333333333333334,2.017080908739763,0,-0.9069443178847758,1,0.111111111111111,2.224040516008862
1,572,0.8685652061538192,1.983063734661557,5,1,0.3045856330471479,5.756620187609175,0.5042702271849406,-2.361625124460325,0.9992015338933852,0.01173656840335935,2.224040516008862
1,573,0.000388014500993953,2.974207587491343,0,1,0.0001304427737115146,0,0.3362240094490078,0.1511771062751934,0.9998695572262885,1,2.224040516008862
1,574,0.9913993680453067,1.983196233947029,3,9,0.3332887897034755,3.026025733620299,4.538128827568351,0.6798900843144653,0.3932021416304595,0.8187923700027645,2.224040516008862
1,575,0.9914616575062413,1.983113440580985,1,1,0.3333120277056685,1.008611873620241,0.5042575878599429,-0.2269569042372575,0.8889030921867358,0.5555271475980726,2.222246939150411
1,576,0.944347872246959,1.983021388075858,2,0,0.322592672214786,2.117863616551861,0,-0.9530280272819471,1,0.1040660321666764,2.222246939150411
1,577,0.8307479199047555,2.143686264685115,1,3,0.2792961176309581,1.20373458186287,1.39945851658506,0.08851036937351646,0.6880020151293804,0.7302090072005749,2.211310788866208
1,578,0.8684638634743982,2.105979261100607,4,4,0.2919752797756004,4.605833550744991,1.899353936614531,-1.223925477937064,0.9480504941876511,0.1797922420401714,2.211310788866208
1,579,0.9914004089072683,1.983028712711187,2,2,0.3333077939903388,2.017348371082901,1.008558266040238,-0.4565568441244564,0.8889115892225898,0.4073620041310395,2.209560798452666
1,580,0.9914763738728184,1.982676449835511,7,0,0.3333642999005659,7.060178320394273,0,-3.195285834786012,0.9999999999999994,0.0004575448007217986,2.209560798452666
1,581,0.8308216236681873,1.995421272264368,0,3,0.2939668154014225,0,1.503441925621878,0.68151155952935,0.351945439528145,1,2.206040241870807
1,582,0.9914627712614543,1.982925542522909,4,0,0.3333333333333333,4.034442962402648,0,-1.828816576338284,1,0.01234567901234551,2.206040241870807
1,583,0.9463780373710766,2.02797660734593,11,0,0.3181792860686656,11.62326212742285,0,-5.275761439795581,0.9999999999999996,0.000003383692847913622,2.203143993537588
1,584,0.8685286792151027,2.046871302249676,2,0,0.297910641674193,2.302744915467176,0,-1.047137336641441,0.9999999999999999,0.08875075042272951,2.199085864756706
1,585,1.822044906688184,1.152242201354926,5,0,0.6125988650392843,2.744169466760392,0,-1.248849918848366,0.9999999999999999,0.0862741996822286,2.197357284765605
